Model,Year,Brand,Kms_driven,Fuel_type,Price
Tata Nexon XT,2020,Tata,33000, Diesel,970000
Maruti Suzuki Swift,2014,Maruti,70840, Diesel,95000
Mercedes Benz B,2016,Mercedes,44573, Diesel ,1790000
Audi Q3 2.0,2014,Audi,88759, Diesel ,1790000
Honda City ZX,2021,Honda,9900, Petrol ,1490000
Maruti Suzuki Eeco,2017,Maruti,65000, CNG,370000
Mercedes Benz E,2017,Mercedes,20000, Diesel,6200000
Hyundai i20 Asta,2013,Hyundai,70000, Petrol,365000
Maruti Suzuki Swift,2018,Maruti,41000, Petrol,645000
Volkswagen Vento Highline,2011,Volkswagen,70000, Petrol,295000
Mercedes Benz GLA,2016,Mercedes,32000, Diesel,2400000
Mahindra TUV300 T6,2018,Mahindra,54000, Diesel,725000
Land Rover Freelander,2013,Land Rover,89870, Diesel,1499999
Land Rover Freelander,2013,Land Rover,89870, Diesel,1499999
Maruti Suzuki Alto,2011,Maruti,29900, Petrol,165000
Maruti Suzuki Alto,2011,Maruti,29900, Petrol,165000
Toyota Innova Crysta,2019,Toyota,47000, Diesel ,2550000
Hyundai Grand i10,2018,Hyundai,52000, Petrol ,500000
BMW 3 Series,2016,BMW,52000, Diesel ,2435000
Hyundai Grand i10,2018,Hyundai,46000, Diesel ,575000
Ford Figo Base,2016,Ford,91000, Diesel ,450000
Hyundai i20 Magna,2011,Hyundai,70000, Petrol ,230000
Tata Tiago XZ,2018,Tata,66000, CNG ,430000
Maruti Suzuki Alto,2011,Maruti,29900, Petrol,165000
Hyundai Santro Xing,2008,Hyundai,40000, Petrol,150000
Hyundai Elantra SX,2017,Hyundai,44000, Petrol,825000
Maruti Suzuki Vitara,2022,Maruti,200, Petrol ,1450000
Mahindra XUV 500,2017,Mahindra,62000, Diesel,1175000
Honda City 1.5,2013,Honda,65000, Petrol,325000
Mahindra Jeep Classic,2022,Mahindra,15, Diesel,439000
Mahindra Jeep Classic,2022,Mahindra,13, Diesel,434000
Mahindra Jeep Classic,2022,Mahindra,12, Diesel,436000
Maruti Suzuki Alto,2012,Maruti,30000, Petrol,195000
Hyundai Santro GLS,2009,Hyundai,50000, Petrol,135000
Maruti Suzuki Baleno,2019,Maruti,29000, Petrol,715000
Hyundai Santro 1.1,2019,Hyundai,4200, Petrol,615000
Hyundai Elantra SX,2014,Hyundai,36000, Petrol,615000
Honda Amaze 1.2,2019,Honda,27000, Petrol,550000
Hyundai i20 Magna,2012,Hyundai,38000, Petrol,325000
Tata Nexon XM,2018,Tata,81000, Petrol,650000
Toyota Innova 2.5,2010,Toyota,147675, Diesel,770000
Mahindra Xylo D2,2009,Mahindra,95000, Diesel,170000
Volvo XC90 D5,2009,Volvo,90000, Diesel,810000
Mahindra TUV300 T8,2016,Mahindra,90000, Diesel,690088
Hyundai Elite i20,2016,Hyundai,30088, Diesel,630000
Honda BRV Select,2018,Honda,33264, Diesel ,1130000
Hyundai i20 Magna,2012,Hyundai,38000, Petrol,325000
Honda City 1.5,2010,Honda,25000, Petrol,325000
Honda Amaze 1.5,2013,Honda,82000, Diesel,585000
Hyundai i10 Sportz,2010,Hyundai,40823, Petrol ,215399
Ford Ecosport,2019,Ford,19497, Petrol ,916999
Hyundai Xcent,2014,Hyundai,41489, Petrol ,467499
Renault Triber,2019,Renault,3897, Petrol ,601699
Honda City VX,2017,Honda,36187, Petrol ,802599
Toyota Glanza,2021,Toyota,11647, Petrol ,817599
Maruti Suzuki Swift,2018,Maruti,29650, Petrol ,537699
Honda City VX,2017,Honda,20932, Petrol ,971799
Maruti Suzuki Ciaz,2017,Maruti,45410, Petrol ,731099
Hyundai Grand i10,2017,Hyundai,59291, Petrol ,437399
Hyundai Verna,2013,Hyundai,44408, Petrol ,473099
Maruti Suzuki Dzire,2018,Maruti,79292, Petrol ,616599
Maruti Suzuki Alto,2021,Maruti,2121, Petrol ,422999
Toyota Innova Crysta,2019,Toyota,47000, Diesel ,2550000
Renault Duster 110,2016,Renault,86000, Diesel ,725000
Ford EcoSport Titanium,2015,Ford,76000, Petrol ,520000
Hyundai Elite i20,2017,Hyundai,43000, Petrol ,640000
Hyundai i10 Magna,2007,Hyundai,47000, Petrol ,200000
Maruti Suzuki Alto,2016,Maruti,17000, Petrol ,360000
Honda Jazz 1.2,2017,Honda,25500, Petrol ,499000
Honda Amaze 1.2,2013,Honda,132000, Petrol,385000
Maruti Suzuki Eeco,2021,Maruti,10115, Petrol ,528599
Toyota Glanza,2021,Toyota,6015, Petrol ,817599
Maruti Suzuki Wagon,2018,Maruti,14859, Petrol + CNG ,482899
Honda City,2018,Honda,14851, Petrol ,720499
Kia Seltos,2020,Kia,49226, Petrol ,1162799
Renault Kwid RxL,2019,Renault,5833, Petrol ,418999
Maruti Suzuki Eeco,2020,Maruti,22194, Petrol ,453699
Maruti Suzuki Dzire,2018,Maruti,71260, Petrol ,648799
Tata Tiago,2017,Tata,72485, Petrol ,399099
Maruti Suzuki Vitara,2017,Maruti,69013, Diesel ,643199
Maruti Suzuki Baleno,2021,Maruti,12988, Petrol ,750199
Mahindra XUV 500,2019,Mahindra,44661, Diesel ,1227199
Maruti Suzuki Ciaz,2016,Maruti,32437, Petrol ,602599
Hyundai Grand i10,2017,Hyundai,49271, Petrol ,437499
Maruti Suzuki Wagon,2018,Maruti,16043, Petrol ,396599
Maruti Suzuki Eeco,2021,Maruti,8410, Petrol + CNG ,605299
Maruti Suzuki Swift,2016,Maruti,77000, Diesel,540000
Hyundai Elite i20,2019,Hyundai,31700, Petrol,675000
Chevrolet Spark LS,2010,Chevrolet,60000, Petrol,155000
Hyundai Creta,2016,Hyundai,37034, Petrol,925000
Hyundai Creta,2016,Hyundai,37034, Petrol,925000
Hyundai Creta,2016,Hyundai,37034, Petrol,925000
Hyundai Creta,2021,Hyundai,12243, Petrol,1525000
Hyundai Creta,2021,Hyundai,12243, Petrol,1525000
Hyundai Santro,2019,Hyundai,31173, Petrol + CNG ,601099
Maruti Suzuki Alto,2018,Maruti,12709, Petrol ,370199
Maruti Suzuki Vitara,2018,Maruti,26534, Diesel ,901999
Tata Tiago,2018,Tata,25920, Petrol ,551299
Hyundai i20 Active,2016,Hyundai,53456, Diesel ,632999
Maruti Suzuki Swift,2012,Maruti,60705, Petrol ,382399
Hyundai i20 Active,2018,Hyundai,30347, Petrol ,662199
Maruti Suzuki Ignis,2018,Maruti,33781, Petrol ,458199
Maruti Suzuki Alto,2018,Maruti,10962, Petrol ,350599
Maruti Suzuki Wagon,2013,Maruti,76250, Petrol ,327299
Ford Ecosport,2016,Ford,52555, Petrol ,655399
Toyota Corolla Altis,2016,Toyota,59790, Petrol ,873799
Honda Amaze,2016,Honda,16198, Petrol ,566599
Hyundai Creta,2018,Hyundai,44614, Petrol ,1136299
Maruti Suzuki Vitara,2016,Maruti,66152, Diesel ,765099
Maruti Suzuki Swift,2013,Maruti,55244, Diesel ,511499
Maruti Suzuki SX4,2012,Maruti,80000, Diesel ,425000
Hyundai Creta,2021,Hyundai,12243, Petrol,1525000
Datsun RediGo,2017,Datsun,21753, Petrol,250000
Mahindra TUV300 T6,2017,Mahindra,163000, Diesel ,575000
Toyota Innova 2.5,2012,Toyota,160000, Diesel,1250000
Honda City,2017,Honda,36357, Petrol,725000
Toyota Innova 2.5,2012,Toyota,160000, Diesel ,1250000
Renault Duster 110,2013,Renault,99000, Diesel,442000
Honda WR V,2021,Honda,3306, Petrol ,947699
Hyundai Xcent,2014,Hyundai,61977, Petrol ,464099
Hyundai Grand i10,2015,Hyundai,89851, Diesel ,371599
Ford Ecosport,2020,Ford,18991, Petrol ,1046999
Maruti Suzuki Wagon,2018,Maruti,7256, Petrol ,472399
Maruti Suzuki Wagon,2020,Maruti,9063, Petrol ,643699
Maruti Suzuki Wagon,2010,Maruti,67081, Petrol ,196899
Tata Harrier,2020,Tata,13451, Diesel ,1919899
Toyota Yaris VX,2018,Toyota,36718, Petrol ,1124399
Hyundai Creta,2019,Hyundai,31599, Petrol ,1254499
Hyundai Santro,2018,Hyundai,9185, Petrol ,446599
Hyundai Verna,2018,Hyundai,29700, Diesel ,952699
Maruti Suzuki Ciaz,2017,Maruti,31197, Petrol ,599399
Maruti Suzuki Swift,2018,Maruti,94365, Petrol ,553199
Maruti Suzuki Wagon,2014,Maruti,71034, Petrol + CNG ,329899
Hyundai i10 Sportz,2014,Hyundai,27294, Petrol ,332999
Mahindra NuvoSport N6,2017,Mahindra,70619, Diesel,499000
Toyota Corolla Altis,2010,Toyota,99000, Petrol,299000
Mercedes Benz C,2003,Mercedes,87999, Petrol,222000
Maruti Suzuki Swift,2010,Maruti,74588, CNG,299000
Mercedes Benz S,2010,Mercedes,67509, Diesel,922000
Honda City 1.5,2010,Honda,74503, Petrol,299000
Skoda Laura Ambition,2011,Skoda,81000, Petrol,266000
Mercedes Benz E,2016,Mercedes,36000, Petrol ,2150000
Maruti Suzuki Celerio,2019,Maruti,50527, Petrol + CNG ,490199
Kia Seltos,2020,Kia,28696, Diesel ,1409499
Maruti Suzuki Celerio,2018,Maruti,18231, Petrol ,442199
Maruti Suzuki Wagon,2014,Maruti,67352, Petrol + CNG ,314599
Maruti Suzuki Wagon,2017,Maruti,29092, Petrol ,417199
Honda Jazz,2020,Honda,11909, Petrol ,1005599
Maruti Suzuki Swift,2014,Maruti,39523, Petrol ,416499
Tata Nexon,2018,Tata,52794, Diesel ,854699
Maruti Suzuki Alto,2015,Maruti,31522, Petrol ,279499
Maruti Suzuki S,2021,Maruti,10909, Petrol ,435899
Jeep Compass,2017,Jeep,47352, Diesel ,1196599
Hyundai Santro,2019,Hyundai,7241, Petrol ,468899
Maruti Suzuki Dzire,2018,Maruti,71619, Petrol ,594299
Hyundai Elite i20,2020,Hyundai,60065, Petrol ,707999
Maruti Suzuki S,2020,Maruti,29918, Petrol + CNG ,501499
Hyundai Creta,2018,Hyundai,88168, Diesel ,828549
Volkswagen Polo Trendline,2011,Volkswagen,75000, Diesel ,265000
Tata Zest XM,2015,Tata,75000, Petrol,299000
Toyota Fortuner 3.0,2013,Toyota,107000, Diesel ,1525000
Maruti Suzuki Swift,2020,Maruti,14000, Petrol ,735000
Skoda Kodiaq,2022,Skoda,160, Petrol ,4400000
Toyota Corolla Altis,2015,Toyota,50000, Petrol ,950000
Hyundai Santa Fe,2012,Hyundai,126000, Diesel ,775000
Mercedes Benz CLA,2018,Mercedes,24000, Diesel ,2800000
Maruti Suzuki Swift,2017,Maruti,82679, Diesel ,452799
Maruti Suzuki Wagon,2017,Maruti,16806, Petrol ,447599
Maruti Suzuki Ignis,2017,Maruti,6251, Petrol ,523799
MG Motors Hector,2020,MG,38919, Petrol ,1655999
Hyundai EON Magna,2018,Hyundai,32876, Petrol ,400599
Hyundai Grand i10,2019,Hyundai,44175, Petrol + CNG ,541599
Maruti Suzuki Ciaz,2018,Maruti,80889, Petrol ,819999
Maruti Suzuki Dzire,2020,Maruti,17867, Petrol ,710299
Maruti Suzuki Wagon,2014,Maruti,20293, Petrol ,392699
Hyundai Grand i10,2017,Hyundai,48686, Petrol ,604799
Hyundai Grand i10,2019,Hyundai,18128, Petrol ,571199
Maruti Suzuki S,2020,Maruti,5130, Petrol ,562499
Hyundai Grand i10,2018,Hyundai,53790, Petrol ,499799
Hyundai Grand i10,2016,Hyundai,32364, Petrol ,508099
Maruti Suzuki Wagon,2018,Maruti,27328, Petrol ,454299
Hyundai Creta,2016,Hyundai,32524, Petrol ,959099
Mercedes Benz C,2018,Mercedes,36000, Diesel ,3150000
Mercedes Benz C,2011,Mercedes,75000, Diesel ,1190000
BMW X1 sDrive20d,2011,BMW,135000, Diesel ,1170000
Tata ALTROZ XZ,2022,Tata,9000, Petrol,875000
Mercedes Benz E,2016,Mercedes,36000, Petrol ,2150000
BMW 3 Series,2015,BMW,61000, Diesel ,1850000
BMW 3 Series,2020,BMW,14000, Diesel ,4400000
Jaguar XF 2.2,2015,Jaguar,50000, Diesel ,2475000
Renault Kwid RXT,2016,Renault,16197, Petrol ,322999
Maruti Suzuki Baleno,2021,Maruti,15011, Petrol ,707799
Hyundai Creta,2015,Hyundai,63076, Diesel ,829599
Hyundai Creta,2017,Hyundai,89306, Petrol ,920599
Hyundai Grand i10,2015,Hyundai,31093, Petrol ,453399
Volkswagen Polo,2019,Volkswagen,11585, Petrol ,693499
Maruti Suzuki Baleno,2019,Maruti,9064, Petrol ,764999
Hyundai Grand i10,2016,Hyundai,32513, Petrol ,455299
Hyundai Grand i10,2019,Hyundai,8885, Petrol ,595399
Maruti Suzuki Ignis,2017,Maruti,31221, Petrol ,437199
Skoda Rapid,2020,Skoda,47027, Petrol ,870599
Maruti Suzuki XL6,2019,Maruti,100003, Petrol ,869299
Maruti Suzuki Alto,2020,Maruti,11049, Petrol ,391299
Maruti Suzuki Swift,2016,Maruti,24277, Petrol ,430999
Hyundai Grand i10,2016,Hyundai,50777, Petrol ,391199
Hyundai Creta,2016,Hyundai,27312, Petrol ,845499
Maruti Suzuki Maruti,2003,Maruti,63000, Petrol,89000
Maruti Suzuki Ertiga,2016,Maruti,175000, Diesel ,745000
Maruti Suzuki Ertiga,2020,Maruti,76500, CNG,645000
Mahindra XUV 300,2022,Mahindra,6800, Petrol,1305000
Hyundai Grand i10,2017,Hyundai,12007, Petrol,545000
Maruti Suzuki Wagon,2016,Maruti,14000, Petrol ,385000
Maruti Suzuki SX4,2007,Maruti,45000, Petrol,170000
Maruti Suzuki Alto,2011,Maruti,95000, Petrol,120000
Maruti Suzuki Ignis,2021,Maruti,1388, Petrol ,775799
Tata Tiago,2021,Tata,964, Petrol ,718499
Hyundai Grand i10,2018,Hyundai,16801, Petrol ,494999
MG Motors Hector,2019,MG,51103, Diesel ,1648699
Tata Harrier,2019,Tata,49409, Diesel ,1534899
Maruti Suzuki Dzire,2017,Maruti,54000, Petrol ,670299
Maruti Suzuki Wagon,2012,Maruti,46633, Petrol + CNG ,302499
Maruti Suzuki Dzire,2020,Maruti,22350, Petrol ,696199
Hyundai i10 Sportz,2012,Hyundai,34541, Petrol ,255099
Volkswagen Polo,2020,Volkswagen,3676, Petrol ,1016999
Hyundai Grand i10,2013,Hyundai,41564, Petrol ,401499
Maruti Suzuki Ignis,2018,Maruti,5823, Petrol ,499199
Honda Civic,2019,Honda,80920, Diesel ,1388099
Hyundai Verna,2019,Hyundai,42686, Diesel ,994499
Hyundai Creta,2018,Hyundai,16173, Petrol ,1093599
Skoda Rapid,2021,Skoda,9999, Petrol ,1153399
Hyundai Elite i20,2016,Hyundai,47999, Petrol,579999
Hyundai i20 Active,2017,Hyundai,4000, Petrol ,650000
Volvo XC90 D5,2009,Volvo,92000, Diesel,850000
Mahindra XUV 500,2018,Mahindra,29800, Diesel,1450000
Mahindra XUV 700,2021,Mahindra,3400, Petrol,2100000
Hyundai i10 Magna,2011,Hyundai,34000, Petrol ,295000
Mercedes Benz A,2014,Mercedes,63000, Diesel ,1400000
Maruti Suzuki S,2020,Maruti,15000, Petrol,421000
Toyota Glanza,2021,Toyota,20107, Petrol ,817599
Volkswagen Polo,2017,Volkswagen,28247, Petrol ,505899
Maruti Suzuki Swift,2020,Maruti,22937, Petrol ,631399
Maruti Suzuki S,2021,Maruti,23329, Petrol + CNG ,546999
Hyundai Elite i20,2016,Hyundai,23942, Petrol ,561099
MG Motors Hector,2019,MG,18570, Petrol ,1737799
Hyundai i10 Magna,2011,Hyundai,24120, Petrol ,211599
Honda Jazz,2016,Honda,53015, Petrol ,497499
Skoda Rapid,2021,Skoda,4115, Petrol ,1118149
Hyundai Xcent,2015,Hyundai,62070, Petrol ,460799
Hyundai Grand i10,2019,Hyundai,32642, Petrol ,601799
Honda City VX,2015,Honda,94307, Petrol ,702499
Maruti Suzuki Alto,2019,Maruti,15104, Petrol ,359299
Maruti Suzuki Alto,2019,Maruti,11289, Petrol ,472099
Maruti Suzuki Swift,2013,Maruti,70063, Petrol ,350099
Honda City,2018,Honda,17408, Petrol ,1124199
Hyundai Verna 1.6,2014,Hyundai,68000, Diesel,525000
Maruti Suzuki Swift,2016,Maruti,56000, CNG,475000
Maruti Suzuki Swift,2015,Maruti,45000, Diesel,499000
Mahindra Scorpio VLX,2014,Mahindra,99000, Diesel,650000
Maruti Suzuki Swift,2017,Maruti,107000, Diesel,625000
Hyundai Accent Executive,2010,Hyundai,63000, Petrol,260001
Hyundai i20 Active,2018,Hyundai,7876, Petrol,595000
Maruti Suzuki Ertiga,2018,Maruti,69108, Diesel,745000
Honda City,2018,Honda,17408, Petrol ,1124199
Tata Hexa,2018,Tata,89892, Diesel ,983699
Maruti Suzuki Baleno,2021,Maruti,9912, Petrol ,673899
Tata Harrier,2019,Tata,43822, Diesel ,1373599
Volkswagen Ameo,2016,Volkswagen,64376, Petrol ,468599
Maruti Suzuki Alto,2018,Maruti,39864, Petrol ,301899
Maruti Suzuki Swift,2018,Maruti,11810, Petrol ,640599
Maruti Suzuki Vitara,2017,Maruti,45136, Diesel ,918299
Volkswagen Polo,2013,Volkswagen,39227, Petrol ,385699
Maruti Suzuki Alto,2018,Maruti,17759, Petrol ,339599
Honda Jazz,2016,Honda,53740, Petrol ,464899
Hyundai Elite i20,2016,Hyundai,32975, Petrol ,530099
Renault Kwid,2021,Renault,10047, Petrol ,527399
Maruti Suzuki Wagon,2019,Maruti,24177, Petrol ,525899
Maruti Suzuki S,2017,Maruti,45475, Diesel ,758999
Volkswagen Vento,2015,Volkswagen,63202, Diesel ,591899
Maruti Suzuki Wagon,2020,Maruti,15200, Petrol,689000
Ford Figo Select,2016,Ford,104500, Diesel ,425000
Mercedes Benz C,2013,Mercedes,87500, Diesel ,1550000
Mercedes Benz E,2016,Mercedes,36000, Petrol ,2150000
Chevrolet Cruze LTZ,2011,Chevrolet,115000, Diesel,385000
Honda City 1.5,1999,Honda,114400, Petrol,125000
BMW 3 Series,2012,BMW,33000, Diesel ,1500000
Maruti Suzuki Ertiga,2022,Maruti,9500, CNG,1225000
Maruti Suzuki Wagon,2015,Maruti,43769, Petrol ,332099
Hyundai Creta,2019,Hyundai,21137, Petrol ,1317099
Hyundai Elite i20,2019,Hyundai,65700, Diesel ,823499
Maruti Suzuki Ciaz,2018,Maruti,46681, Petrol ,880399
Hyundai Xcent,2016,Hyundai,58240, Petrol ,515199
Hyundai Creta,2016,Hyundai,56927, Petrol ,705999
Maruti Suzuki S,2015,Maruti,70269, Diesel ,480899
Hyundai Verna,2014,Hyundai,76395, Petrol ,482799
Maruti Suzuki Alto,2020,Maruti,5117, Petrol ,413299
Honda Jazz,2018,Honda,15836, Petrol ,685599
Hyundai Creta 1.6,2019,Hyundai,22050, Petrol ,1142799
Maruti Suzuki Dzire,2017,Maruti,19480, Petrol ,702999
Maruti Suzuki Vitara,2017,Maruti,33282, Diesel ,862199
Honda City VX,2016,Honda,67929, Petrol ,763499
Hyundai Grand i10,2019,Hyundai,8223, Petrol ,622599
Honda Civic ZX,2020,Honda,46997, Petrol ,1891299
Renault Fluence Diesel,2012,Renault,75450, Diesel,425000
Hyundai i10 Magna,2009,Hyundai,82000, Petrol ,165000
Maruti Suzuki Swift,2010,Maruti,101850, Petrol ,185000
Tata Indica Vista,2011,Tata,56000, Diesel ,120000
Maruti Suzuki Wagon,2013,Maruti,54018, Petrol,325000
Maruti Suzuki OMNI,2016,Maruti,62100, Petrol,260000
Maruti Suzuki Wagon,2020,Maruti,32000, CNG,600000
Maruti Suzuki Swift,2010,Maruti,94000, Petrol,321000
Hyundai Elite i20,2017,Hyundai,29532, Petrol ,591499
Toyota Yaris VX,2018,Toyota,49176, Petrol ,1086999
Maruti Suzuki Dzire,2018,Maruti,36342, Petrol ,651199
Datsun Redi GO,2017,Datsun,22637, Petrol ,214699
Ford Ecosport,2019,Ford,54083, Diesel ,910099
Honda Amaze,2021,Honda,7351, Petrol ,762199
Maruti Suzuki Alto,2021,Maruti,9663, Petrol ,410899
Maruti Suzuki Alto,2017,Maruti,2229, Petrol ,299499
Ford Ecosport,2021,Ford,12851, Diesel ,1263899
Maruti Suzuki Alto,2019,Maruti,14509, Petrol ,355099
Renault Kwid,2020,Renault,6056, Petrol ,485899
Tata Harrier,2019,Tata,55447, Diesel ,1431599
Toyota Corolla Altis,2018,Toyota,53630, Petrol ,1088099
Maruti Suzuki Alto,2019,Maruti,31492, Petrol ,406799
Maruti Suzuki Baleno,2019,Maruti,28555, Petrol ,680799
Maruti Suzuki Ciaz,2015,Maruti,102534, Diesel ,565199
Ford EcoSport Ambiente,2016,Ford,168500, Diesel,599000
Mahindra Scorpio SLE,2010,Mahindra,96000, Diesel,425000
Mahindra XUV 700,2022,Mahindra,3600, Petrol ,1850000
Land Rover Freelander,2012,Land Rover,150000, Diesel,700000
Maruti Suzuki Swift,2017,Maruti,62000, Petrol,525000
Tata Tigor Revotron,2021,Tata,10000, Petrol,650000
Tata Tiago XZ,2018,Tata,36600, Petrol,550000
Maruti Suzuki Dzire,2019,Maruti,13250, Petrol,625000
Maruti Suzuki Alto,2014,Maruti,27046, Petrol ,252499
Hyundai Elite i20,2018,Hyundai,90874, Petrol ,517799
Maruti Suzuki Ciaz,2015,Maruti,43222, Petrol ,544899
Maruti Suzuki Alto,2021,Maruti,2201, Petrol ,410999
Ford Ecosport,2016,Ford,38894, Petrol ,691399
Maruti Suzuki Alto,2016,Maruti,23026, Petrol ,298199
Maruti Suzuki Alto,2018,Maruti,31666, Petrol ,352799
Hyundai Elite i20,2018,Hyundai,25689, Petrol ,610599
Maruti Suzuki Eeco,2021,Maruti,12028, Petrol ,532199
Honda Amaze,2019,Honda,13930, Petrol ,789399
Hyundai i10,2013,Hyundai,76104, Petrol + CNG ,336899
Tata Nexon,2021,Tata,7395, Petrol ,1160399
Honda Amaze,2019,Honda,26864, Petrol ,849399
Tata Tiago,2017,Tata,91618, Diesel ,423499
Hyundai Grand i10,2019,Hyundai,24648, Petrol ,580299
Hyundai Grand i10,2016,Hyundai,21379, Petrol ,500199
Maruti Suzuki Swift,2013,Maruti,92000, Diesel,450000
Hyundai Fluidic Verna,2012,Hyundai,87000, Diesel,475000
Maruti Suzuki Wagon,2017,Maruti,17000, Petrol,375000
Maruti Suzuki Alto,2009,Maruti,72000, Petrol,170000
Hyundai Elite i20,2016,Hyundai,71000, Diesel,650000
Maruti Suzuki Swift,2017,Maruti,62000, Petrol,525000
Hyundai Santro 1.1,2006,Hyundai,52000, Petrol,180000
Maruti Suzuki SX4,2011,Maruti,92000, CNG,200000
Maruti Suzuki Swift,2018,Maruti,18726, Petrol ,551199
Hyundai Venue,2019,Hyundai,29852, Petrol ,871699
Honda Amaze,2016,Honda,47840, Petrol ,506099
Hyundai i10 Magna,2013,Hyundai,74961, Petrol ,238399
Hyundai Grand i10,2016,Hyundai,37532, Petrol ,440199
Maruti Suzuki Alto,2018,Maruti,42099, Petrol ,333599
Hyundai Creta,2018,Hyundai,33823, Petrol ,1147699
Maruti Suzuki Celerio,2015,Maruti,44321, Petrol ,377799
Hyundai Creta,2016,Hyundai,62672, Petrol ,834749
Toyota Etios V,2018,Toyota,19949, Petrol ,546599
Maruti Suzuki Ignis,2017,Maruti,11326, Petrol ,531199
Maruti Suzuki Vitara,2017,Maruti,25437, Diesel ,774599
Maruti Suzuki Wagon,2020,Maruti,10673, Petrol ,652499
Maruti Suzuki Swift,2019,Maruti,57330, Petrol ,586499
Maruti Suzuki S,2020,Maruti,4493, Petrol ,467899
Jeep Compass,2021,Jeep,10459, Petrol ,1832399
Maruti Suzuki SX4,2011,Maruti,92000, CNG ,220000
Maruti Suzuki Omni,1999,Maruti,50000, LPG,88000
Maruti Suzuki Alto,2009,Maruti,60000, Petrol ,145000
Maruti Suzuki Alto,2008,Maruti,65000, Petrol ,135000
Toyota Innova 2.5,2008,Toyota,202500, Diesel,455000
Hyundai Creta,2019,Hyundai,29800, Diesel,1075000
Nissan Micra XV,2014,Nissan,65421, Diesel ,475000
Maruti Suzuki Swift,2013,Maruti,27000, Petrol,399999
Hyundai Creta,2017,Hyundai,64762, Petrol ,1035699
Hyundai Grand i10,2015,Hyundai,90342, Petrol ,407699
Maruti Suzuki Wagon,2018,Maruti,42555, Petrol ,433399
Maruti Suzuki Ritz,2015,Maruti,25440, Petrol ,400499
Maruti Suzuki Celerio,2016,Maruti,43752, Petrol ,444299
Honda Brio,2014,Honda,44857, Petrol ,380099
Honda Amaze,2018,Honda,13095, Petrol ,631199
Renault Kwid RxL,2019,Renault,31755, Petrol ,371099
Maruti Suzuki Ertiga,2021,Maruti,35063, Petrol + CNG ,1083399
Kia Seltos,2020,Kia,6313, Petrol ,1899099
Maruti Suzuki Wagon,2020,Maruti,4616, Petrol ,566099
Hyundai Grand i10,2018,Hyundai,17086, Petrol ,547599
Maruti Suzuki Wagon,2021,Maruti,3032, Petrol ,720999
Maruti Suzuki Wagon,2015,Maruti,9797, Petrol + CNG ,406099
Hyundai EON Era,2018,Hyundai,30107, Petrol ,345899
Maruti Suzuki Wagon,2016,Maruti,20544, Petrol ,371099
Hyundai i10 Sportz,2013,Hyundai,16000, Petrol,360000
Honda Mobilio S,2016,Honda,80000, CNG ,600000
Maruti Suzuki Wagon,2009,Maruti,85000, Petrol,195000
Honda City 1.5,2012,Honda,40000, Petrol,391000
Honda City VX,2018,Honda,21000, Petrol,990000
Hyundai Xcent S,2014,Hyundai,61000, Petrol,365000
Maruti Suzuki Swift,2011,Maruti,60000, Petrol,265000
Skoda Rapid,2013,Skoda,77935, Petrol,325000
Volkswagen Vento,2015,Volkswagen,38552, Petrol ,553599
Maruti Suzuki Dzire,2017,Maruti,37954, Petrol ,679299
Tata Nexon,2019,Tata,8058, Petrol ,996299
Ford Figo Aspire,2018,Ford,50308, Petrol ,497799
Ford Figo Aspire,2018,Ford,17724, Petrol ,555599
Renault Kwid RXT,2017,Renault,5788, Petrol ,369399
Maruti Suzuki Celerio,2016,Maruti,65301, Petrol ,406899
Maruti Suzuki Swift,2019,Maruti,16391, Petrol ,624999
Hyundai Grand i10,2017,Hyundai,41460, Petrol ,467799
Hyundai Creta,2018,Hyundai,31178, Petrol ,1243499
Maruti Suzuki Vitara,2016,Maruti,82808, Diesel ,709799
Tata Nexon,2021,Tata,15790, Petrol ,1158799
Maruti Suzuki Swift,2019,Maruti,30117, Petrol ,666699
Maruti Suzuki S,2017,Maruti,24356, Diesel ,870899
Maruti Suzuki Wagon,2018,Maruti,63205, Petrol + CNG ,468499
Honda Jazz,2016,Honda,74645, Petrol ,481799
Toyota Fortuner 2.8,2012,Toyota,221000, Diesel,1750000
Hyundai Grand i10,2017,Hyundai,29287, Petrol,610000
Tata Nano AMT,2016,Tata,9973, Petrol,275000
Honda Amaze 1.2,2015,Honda,57000, Petrol,525000
Hyundai Grand i10,2015,Hyundai,15000, Petrol,451000
Chevrolet Cruze LTZ,2013,Chevrolet,117000, Diesel,399999
Hyundai Sonata Embera,2010,Hyundai,110000, Diesel,561000
Tata Harrier XT,2021,Tata,5000, Diesel ,1850000
Maruti Suzuki S,2019,Maruti,27547, Petrol ,464299
Hyundai Verna 1.6,2017,Hyundai,32294, Petrol ,747199
Maruti Suzuki Dzire,2017,Maruti,35068, Petrol ,716899
Hyundai Grand i10,2015,Hyundai,37356, Petrol ,377599
Maruti Suzuki Ciaz,2018,Maruti,15002, Petrol ,801799
Renault Duster RXZ,2020,Renault,28417, Petrol ,916399
Maruti Suzuki Baleno,2018,Maruti,59612, Petrol ,584799
Ford Ecosport,2018,Ford,7568, Petrol ,755199
Tata Nexon,2020,Tata,11922, Petrol ,1200999
MG Motors Hector,2019,MG,41976, Diesel ,1455499
Maruti Suzuki Ignis,2021,Maruti,3290, Petrol ,836999
Maruti Suzuki Alto,2018,Maruti,44012, Petrol ,383899
Maruti Suzuki Swift,2017,Maruti,39788, Diesel ,627699
Hyundai Santro,2019,Hyundai,6186, Petrol ,583199
Hyundai Verna,2018,Hyundai,90675, Petrol ,906099
Renault Kwid RXT,2019,Renault,40096, Petrol ,396599
Mahindra Verito 1.5,2015,Mahindra,195000, Diesel ,380000
Honda City ZX,2007,Honda,74500, Petrol,175000
Toyota Etios VX,2015,Toyota,37000, Diesel ,640000
Tata Nexon XZA,2021,Tata,18000, Petrol ,1250000
Hyundai i20 Magna,2011,Hyundai,75000, Petrol ,235000
Maruti Suzuki Baleno,2020,Maruti,25000, Petrol,640000
Honda City 1.5,2016,Honda,75000, Petrol ,550000
Hyundai Verna 1.6,2015,Hyundai,41000, Petrol ,485000
Maruti Suzuki Dzire,2022,Maruti,3631, Petrol + CNG ,973699
Datsun Redi GO,2019,Datsun,44740, Petrol ,322799
Honda Amaze,2018,Honda,29382, Petrol ,653499
Maruti Suzuki Baleno,2018,Maruti,79291, Diesel ,629999
Maruti Suzuki Swift,2013,Maruti,33166, Petrol ,449199
Hyundai Santro,2019,Hyundai,30673, Petrol + CNG ,571599
Honda City,2018,Honda,23547, Petrol ,1106399
Maruti Suzuki Dzire,2017,Maruti,31852, Petrol ,709799
Toyota Yaris VX,2018,Toyota,11019, Petrol ,1098099
Maruti Suzuki Wagon,2013,Maruti,61584, Petrol ,297799
Tata Harrier,2021,Tata,17030, Diesel ,1797799
Tata Tiago,2022,Tata,14430, Petrol + CNG ,832499
Maruti Suzuki Baleno,2017,Maruti,67741, Petrol + CNG ,565999
Hyundai Grand i10,2016,Hyundai,28621, Petrol ,395599
Maruti Suzuki Alto,2019,Maruti,5605, Petrol ,399199
Maruti Suzuki Dzire,2020,Maruti,17463, Petrol ,650199
BMW X5 xDrive,2009,BMW,125000, Diesel,1785000
Mercedes Benz E,2019,Mercedes,13000, Petrol,5300000
BMW 3 Series,2015,BMW,61000, Diesel ,1850000
BMW X1 sDrive20d,2011,BMW,135000, Diesel ,1170000
Jaguar XF 2.2,2015,Jaguar,50000, Diesel,2475000
Mercedes Benz C,2011,Mercedes,75000, Diesel ,1190000
Honda Civic 1.8,2008,Honda,60000, Petrol ,250000
Maruti Suzuki SX4,2007,Maruti,80000, Petrol ,150000
Hyundai Grand i10,2017,Hyundai,96545, Petrol ,439699
Ford Ecosport,2019,Ford,9972, Petrol ,839699
Maruti Suzuki Dzire,2018,Maruti,28430, Petrol ,638199
Honda City VX,2015,Honda,25911, Petrol ,626499
Hyundai Grand i10,2015,Hyundai,61388, Petrol ,411699
Maruti Suzuki Swift,2018,Maruti,38212, Petrol ,578099
Hyundai Grand i10,2017,Hyundai,20370, Petrol ,465999
Maruti Suzuki Celerio,2014,Maruti,46138, Petrol ,359999
Hyundai Santro Sportz,2021,Hyundai,7934, Petrol ,547499
Honda City,2016,Honda,35271, Petrol ,618499
Tata Hexa,2018,Tata,55121, Diesel ,1063599
Maruti Suzuki S,2020,Maruti,11221, Petrol ,486499
Hyundai Grand i10,2016,Hyundai,23365, Petrol ,408799
Maruti Suzuki Eeco,2019,Maruti,34640, Petrol + CNG ,505399
Renault Triber,2019,Renault,30072, Petrol ,544599
Maruti Suzuki Baleno,2017,Maruti,33546, Petrol ,628799
Kia Seltos HTK,2020,Kia,27000, Diesel ,1425000
Maruti Suzuki Baleno,2017,Maruti,44000, Petrol ,645000
Ford EcoSport Titanium,2015,Ford,80000, Diesel ,485000
Tata Indica,2009,Tata,95000, Diesel ,65000
BMW 5 Series,2011,BMW,42000, Diesel ,1400000
Honda Amaze 1.5,2016,Honda,39000, Diesel,375000
Honda City 1.5,2019,Honda,33000, Diesel,1085000
Toyota Innova Crysta,2019,Toyota,180000, Diesel,2165000
Hyundai Grand i10,2020,Hyundai,10756, Petrol ,563299
Tata Harrier,2021,Tata,16506, Diesel ,1882899
Kia Seltos,2019,Kia,12757, Petrol ,1667299
Maruti Suzuki Ciaz,2016,Maruti,45011, Petrol ,648299
Maruti Suzuki Wagon,2016,Maruti,12085, Petrol ,442399
Maruti Suzuki Wagon,2013,Maruti,47526, Petrol ,304099
Jeep Compass,2019,Jeep,3709, Petrol ,2044999
Maruti Suzuki Dzire,2020,Maruti,17361, Petrol ,706499
Skoda Rapid,2020,Skoda,27690, Petrol ,1059499
Mercedes Benz E,2011,Mercedes,77861, Diesel ,1032899
Hyundai Creta,2020,Hyundai,59488, Diesel ,1644699
Hyundai Elite i20,2017,Hyundai,51042, Petrol ,591899
Maruti Suzuki Swift,2019,Maruti,45291, Petrol ,545199
Maruti Suzuki Alto,2018,Maruti,13815, Petrol ,340699
Maruti Suzuki Alto,2021,Maruti,16400, Petrol + CNG ,518199
Hyundai i10 Sportz,2013,Hyundai,90152, Petrol ,328899
Tata Hexa Varicor,2018,Tata,44000, Diesel ,1200000
Mercedes Benz S,2011,Mercedes,72000, Petrol ,1875000
Maruti Suzuki Swift,2017,Maruti,33000, Petrol,590000
Tata Tiago Revotron,2017,Tata,85000, Petrol ,365000
Honda Amaze 1.2,2013,Honda,45000, Petrol,281000
Ford EcoSport Titanium,2013,Ford,130000, Diesel,441000
Chevrolet Cruze LTZ,2013,Chevrolet,112000, Diesel,475000
Maruti Suzuki Ignis,2019,Maruti,34076, Petrol ,515699
Jeep Compass,2017,Jeep,62919, Diesel ,1174999
Hyundai Venue,2020,Hyundai,9904, Petrol ,1132999
Maruti Suzuki Wagon,2021,Maruti,5106, Petrol ,713999
Ford Ecosport,2019,Ford,55237, Diesel ,852799
Honda City VX,2017,Honda,27432, Petrol ,815699
Toyota Yaris VX,2018,Toyota,21126, Petrol ,1057599
Honda Amaze,2022,Honda,2825, Petrol ,945599
Maruti Suzuki Alto,2015,Maruti,44738, Petrol ,325399
Maruti Suzuki Wagon,2020,Maruti,13744, Petrol ,556599
Maruti Suzuki Baleno,2015,Maruti,73218, Petrol ,498299
Maruti Suzuki Swift,2019,Maruti,45067, Petrol ,616099
Jeep Compass,2017,Jeep,44068, Diesel ,1199499
Maruti Suzuki Wagon,2021,Maruti,10754, Petrol + CNG ,640599
Honda WR V,2017,Honda,17884, Petrol ,638399
Ford Ecosport,2021,Ford,14538, Diesel ,1077799
Maruti Suzuki Celerio,2018,Maruti,14800, Petrol,650000
Volkswagen Polo GT,2020,Volkswagen,13800, Petrol,800000
Maruti Suzuki Vitara,2021,Maruti,9789, Petrol,1250000
Honda Civic 1.8V,2008,Honda,60000, Petrol ,250000
Maruti Suzuki Eeco,2012,Maruti,84340, Petrol,295000
Audi Q3 2.0,2013,Audi,38000, Diesel ,1650000
Maruti Suzuki Estilo,2007,Maruti,63524, Petrol,99000
Maruti Suzuki Swift,2020,Maruti,45000, Diesel,825000
Hyundai Grand i10,2016,Hyundai,9685, Petrol ,488799
Maruti Suzuki Wagon,2017,Maruti,40793, Petrol ,392999
MG Motors Hector,2019,MG,30766, Diesel ,1551899
Hyundai Grand i10,2018,Hyundai,39094, Petrol ,463399
Hyundai Creta,2018,Hyundai,35051, Petrol ,943999
Maruti Suzuki Baleno,2019,Maruti,24539, Petrol ,657199
Renault Kwid RXT,2017,Renault,24964, Petrol ,334099
Maruti Suzuki Ignis,2018,Maruti,43778, Petrol ,528599
Hyundai Elite i20,2017,Hyundai,46459, Petrol ,593099
Maruti Suzuki Baleno,2019,Maruti,28999, Petrol ,650999
Maruti Suzuki Baleno,2016,Maruti,50747, Petrol ,529899
Maruti Suzuki S,2020,Maruti,47242, Petrol ,949799
Maruti Suzuki Dzire,2018,Maruti,8242, Diesel ,697299
Datsun Redi GO,2018,Datsun,40026, Petrol ,287399
Honda Amaze,2013,Honda,72879, Petrol ,404099
Maruti Suzuki Dzire,2020,Maruti,16883, Petrol ,725399
Honda City ZX,2008,Honda,85000, Petrol,150000
Porsche Cayenne Select,2011,Porsche,38000, Electric ,3300000
Volkswagen Vento Highline,2015,Volkswagen,66000, Petrol,575000
Maruti Suzuki Ertiga,2016,Maruti,175, Diesel,750000
Tata Indigo CS,2009,Tata,88000, Diesel,158000
Hyundai Getz GLS,2007,Hyundai,82650, Petrol,165000
Maruti Suzuki Swift,2007,Maruti,116000, Petrol,210000
Chevrolet Beat LT,2012,Chevrolet,85000, Diesel,215000
Hyundai Grand i10,2019,Hyundai,19804, Petrol ,520999
Maruti Suzuki Ciaz,2019,Maruti,27831, Petrol ,856699
Maruti Suzuki Dzire,2021,Maruti,14400, Petrol ,741999
Tata Nexon,2020,Tata,29907, Diesel ,1164699
Hyundai Elite i20,2015,Hyundai,35116, Petrol ,555399
Volkswagen Ameo Comfortline,2016,Volkswagen,64606, Petrol ,432399
Maruti Suzuki Alto,2014,Maruti,16317, Petrol ,314699
Maruti Suzuki Swift,2019,Maruti,15237, Petrol ,576399
Renault Kwid RxL,2019,Renault,17658, Petrol ,363799
Maruti Suzuki Baleno,2019,Maruti,46520, Petrol ,640299
Maruti Suzuki Swift,2017,Maruti,13998, Petrol ,563399
Honda City,2014,Honda,91673, Petrol ,548899
Hyundai Grand i10,2016,Hyundai,40907, Petrol ,441599
Maruti Suzuki Celerio,2015,Maruti,50241, Petrol ,352899
Maruti Suzuki Wagon,2012,Maruti,20616, Petrol ,326399
Maruti Suzuki Celerio,2017,Maruti,42113, Petrol ,419799
Maruti Suzuki Eeco,2013,Maruti,70000, CNG,250000
Jeep Compass Limited,2017,Jeep,31000, Diesel ,1750000
Jeep Compass Limited,2017,Jeep,31000, Diesel ,1750000
Jeep Compass Limited,2017,Jeep,31000, Diesel ,1750000
Jeep Compass Limited,2017,Jeep,31000, Diesel ,1750000
Jeep Compass Limited,2017,Jeep,31000, Diesel ,1750000
Jeep Compass Limited,2017,Jeep,31000, Diesel ,1750000
Jeep Compass Limited,2017,Jeep,31000, Diesel ,1750000
Honda City V,2018,Honda,21687, Petrol ,974799
Hyundai Grand i10,2014,Hyundai,65617, Diesel ,306899
Maruti Suzuki Wagon,2021,Maruti,3810, Petrol ,671899
Maruti Suzuki Baleno,2018,Maruti,50712, Petrol ,576299
Volkswagen Polo,2019,Volkswagen,40406, Petrol ,837299
Maruti Suzuki Vitara,2017,Maruti,37831, Diesel ,758399
Maruti Suzuki Alto,2019,Maruti,71129, Petrol ,297999
Honda City,2014,Honda,86001, Diesel ,433099
Maruti Suzuki Baleno,2021,Maruti,22701, Petrol ,688599
Hyundai Creta,2020,Hyundai,7599, Petrol ,1241099
Mahindra Scorpio,2018,Mahindra,41029, Diesel ,1093699
Maruti Suzuki Alto,2017,Maruti,11865, Petrol ,358899
Hyundai Xcent,2014,Hyundai,87038, Petrol ,429199
Maruti Suzuki Alto,2021,Maruti,1842, Petrol ,438899
Honda City VX,2020,Honda,31419, Petrol ,1139899
MG Motors Hector,2021,MG,20604, Petrol ,1850099
Jeep Compass Limited,2017,Jeep,31000, Diesel ,1750000
Jeep Compass Limited,2017,Jeep,31000, Diesel ,1750000
Hyundai Fluidic Verna,2013,Hyundai,77000, Petrol,650000
Maruti Suzuki Wagon,2008,Maruti,70266, LPG,220000
Maruti Suzuki Swift,2010,Maruti,80000, Diesel,235000
Maruti Suzuki Ciaz,2015,Maruti,102534, Diesel ,565199
Tata Nexon XT,2020,Tata,33000, Diesel ,970000
Hyundai Verna 1.6,2009,Hyundai,98000, Diesel ,225000
Honda Brio,2013,Honda,42353, Petrol ,309499
Maruti Suzuki Swift,2018,Maruti,36424, Petrol ,648699
Kia Seltos,2019,Kia,15503, Petrol ,1475099
Hyundai Venue,2019,Hyundai,33164, Diesel ,949299
Renault Kwid RXT,2020,Renault,12478, Petrol ,466399
Maruti Suzuki Vitara,2021,Maruti,15271, Petrol ,987499
Maruti Suzuki Alto,2017,Maruti,67304, Petrol ,281899
Kia Seltos,2020,Kia,7568, Petrol ,1713099
Hyundai Verna,2021,Hyundai,20361, Petrol ,1139799
Maruti Suzuki Alto,2018,Maruti,11220, Petrol ,391999
Volkswagen Polo,2014,Volkswagen,83193, Petrol ,417499
Maruti Suzuki Alto,2019,Maruti,34334, Petrol ,405499
Hyundai Elite i20,2016,Hyundai,57762, Petrol ,474799
Hyundai Venue,2021,Hyundai,8402, Petrol ,895999
Hyundai Santro,2021,Hyundai,45369, Petrol + CNG ,626999
Hyundai Creta,2017,Hyundai,74346, Diesel ,1209499
Hyundai Grand i10,2016,Hyundai,16000, Petrol ,570000
Hyundai Elite i20,2019,Hyundai,36300, Diesel,664000
Hyundai Xcent Base,2016,Hyundai,101573, Diesel ,400000
Ford Figo,2013,Ford,55731, Diesel,270000
Hyundai Grand i10,2016,Hyundai,16000, Petrol ,570000
Hyundai Creta 1.6,2017,Hyundai,77000, Diesel,1050000
Tata Tiago XE,2019,Tata,32500, Petrol,395000
Hyundai Elite i20,2018,Hyundai,47300, Petrol,650000
Maruti Suzuki Wagon,2021,Maruti,34542, Petrol + CNG ,683199
Maruti Suzuki Swift,2017,Maruti,21402, Petrol ,474199
Maruti Suzuki Ertiga,2013,Maruti,119146, Diesel ,409799
Maruti Suzuki Swift,2018,Maruti,28218, Petrol ,660399
Honda Civic ZX,2019,Honda,19005, Petrol ,1835099
Maruti Suzuki Swift,2018,Maruti,46354, Petrol ,556799
Honda Amaze,2018,Honda,51959, Diesel ,675799
Hyundai i10 Magna,2010,Hyundai,35942, Petrol ,199599
Hyundai Grand i10,2018,Hyundai,20011, Petrol ,509899
Hyundai Elite i20,2016,Hyundai,91310, Petrol ,507699
Hyundai EON Era,2015,Hyundai,41499, Petrol ,255699
Maruti Suzuki Ignis,2018,Maruti,30894, Petrol ,494699
Audi Q3,2016,Audi,86395, Diesel ,1837899
Maruti Suzuki Ciaz,2018,Maruti,34509, Petrol ,711999
Maruti Suzuki Alto,2018,Maruti,23627, Petrol ,392999
Toyota Yaris VX,2018,Toyota,79209, Petrol ,994299
Renault Kwid RXT,2019,Renault,10000, Petrol,490000
Maruti Suzuki Swift,2009,Maruti,95000, Diesel,294999
Force Motors One,2012,Force,80000, Diesel ,450000
Hyundai Verna 1.6,2016,Hyundai,29000, Petrol,525000
Maruti Suzuki Swift,2017,Maruti,22000, Petrol,560000
Maruti Suzuki Swift,2017,Maruti,22000, Petrol,560000
Tata ALTROZ XE,2021,Tata,5700, Petrol,710000
Mercedes Benz GLE,2017,Mercedes,90000, Diesel,4500000
Maruti Suzuki Swift,2017,Maruti,50835, Diesel ,528499
MG Motors Hector,2019,MG,58721, Petrol ,1571399
Toyota Yaris,2021,Toyota,8213, Petrol ,1084099
Honda Amaze,2017,Honda,38417, Petrol ,517099
Ford Ecosport,2016,Ford,35077, Diesel ,543199
Maruti Suzuki Vitara,2022,Maruti,8140, Petrol ,1042799
Mahindra TUV300 T8,2018,Mahindra,39551, Diesel ,699999
Honda Amaze,2019,Honda,72250, Petrol ,613299
Maruti Suzuki Alto,2011,Maruti,19069, Petrol ,185099
Maruti Suzuki Baleno,2018,Maruti,47255, Petrol ,587299
Maruti Suzuki Baleno,2016,Maruti,56613, Petrol ,535499
Maruti Suzuki Swift,2015,Maruti,34292, Petrol ,425499
Maruti Suzuki Wagon,2016,Maruti,9300, Petrol ,413999
Maruti Suzuki Alto,2018,Maruti,29579, Petrol ,330099
Maruti Suzuki Alto,2019,Maruti,31426, Petrol + CNG ,422599
Hyundai Grand i10,2016,Hyundai,24843, Petrol ,408299
Maruti Suzuki Baleno,2015,Maruti,90000, Diesel,520000
Maruti Suzuki Alto,2015,Maruti,45000, Petrol,290000
Maruti Suzuki Baleno,2015,Maruti,90000, Diesel,520000
Toyota Etios GD,2018,Toyota,170000, Diesel,615000
Toyota Etios GD,2018,Toyota,170000, Diesel,615000
Skoda Rapid 1.5,2016,Skoda,116000, Diesel,720000
Fiat Punto,2012,Fiat,52000, Petrol,275000
Hyundai i20 Sportz,2018,Hyundai,30000, Petrol,549000
Maruti Suzuki Baleno,2018,Maruti,19419, Diesel ,620699
Hyundai Grand i10,2020,Hyundai,12986, Petrol ,565199
Hyundai Grand i10,2017,Hyundai,63766, Petrol ,483899
Hyundai Elite i20,2018,Hyundai,54347, Petrol ,547699
Maruti Suzuki Swift,2017,Maruti,46762, Petrol ,416799
Maruti Suzuki Alto,2017,Maruti,25239, Petrol ,383399
Hyundai Grand i10,2017,Hyundai,60214, Petrol ,437799
Maruti Suzuki Alto,2021,Maruti,17784, Petrol + CNG ,481899
Maruti Suzuki Wagon,2018,Maruti,32858, Petrol + CNG ,424499
Hyundai Grand i10,2017,Hyundai,39407, Petrol ,503199
Maruti Suzuki Swift,2010,Maruti,20730, Petrol ,275899
Maruti Suzuki Wagon,2021,Maruti,20396, Petrol + CNG ,656799
Jeep Compass,2019,Jeep,23128, Petrol ,1973799
Maruti Suzuki Baleno,2018,Maruti,32924, Petrol ,578799
Maruti Suzuki Dzire,2019,Maruti,12996, Petrol ,713099
Maruti Suzuki Wagon,2013,Maruti,10737, Petrol ,326399
Hyundai i20 Sportz,2018,Hyundai,30000, Petrol,549000
Hyundai Creta 1.6,2018,Hyundai,56000, Petrol,960000
Tata Safari Storme,2013,Tata,200000, Diesel,500000
Maruti Suzuki Zen,1998,Maruti,97000, Petrol ,100000
Maruti Suzuki Zen,1998,Maruti,97000, Petrol ,100000
Maruti Suzuki Alto,2006,Maruti,92000, Petrol,152000
Maruti Suzuki Swift,2015,Maruti,57500, Petrol,300000
Skoda Laura Ambition,2011,Skoda,120000, Diesel,300000
Tata Nexon,2021,Tata,17659, Petrol ,1152399
Datsun Redi GO,2021,Datsun,13021, Petrol ,408899
Maruti Suzuki Alto,2012,Maruti,86508, Petrol ,193699
Hyundai Grand i10,2016,Hyundai,68268, Petrol ,444099
Maruti Suzuki Baleno,2017,Maruti,44824, Petrol ,538499
Hyundai Creta,2020,Hyundai,31147, Petrol ,1669899
Honda City,2017,Honda,58689, Petrol ,701899
Maruti Suzuki Alto,2008,Maruti,116828, Petrol ,114099
Maruti Suzuki Baleno,2016,Maruti,49092, Petrol ,513799
Hyundai Elite i20,2018,Hyundai,52850, Petrol + CNG ,574099
Maruti Suzuki Alto,2019,Maruti,10949, Petrol ,384299
Renault Captur,2019,Renault,11017, Petrol ,1062499
Maruti Suzuki Celerio,2017,Maruti,11600, Petrol ,439949
Tata Harrier,2019,Tata,33433, Diesel ,1401799
Maruti Suzuki Alto,2015,Maruti,44178, Petrol ,319099
Maruti Suzuki Swift,2011,Maruti,38851, Diesel ,298199
Tata Tiago Revotron,2016,Tata,35000, Petrol ,320000
Honda Amaze 1.5,2018,Honda,46000, Diesel,820000
Hyundai Eon D,2012,Hyundai,34454, Petrol,190000
Tata Vista Indica,2012,Tata,85000, Diesel ,205000
Hyundai Santro Xing,2008,Hyundai,99000, Petrol ,110000
Chevrolet Sail 1.2,2013,Chevrolet,31075, Petrol ,275000
Skoda Superb Elegance,2010,Skoda,60500, Petrol,300000
Tata Tigor Revotorq,2018,Tata,59000, Diesel,510000
Maruti Suzuki Vitara,2020,Maruti,42315, Petrol ,792799
Hyundai Grand i10,2017,Hyundai,37296, Petrol ,524999
Datsun Redi GO,2018,Datsun,19414, Petrol ,305699
Hyundai Grand i10,2018,Hyundai,31106, Petrol ,459599
Maruti Suzuki Wagon,2010,Maruti,36990, Petrol ,220099
Maruti Suzuki Swift,2019,Maruti,28199, Petrol ,550099
Maruti Suzuki S,2020,Maruti,45659, Petrol ,432399
Maruti Suzuki Swift,2019,Maruti,14679, Petrol ,559199
Hyundai i10 Magna,2016,Hyundai,14992, Petrol ,360199
Maruti Suzuki Wagon,2018,Maruti,15186, Petrol ,510899
Maruti Suzuki Alto,2016,Maruti,45488, Petrol ,272599
Maruti Suzuki Vitara,2016,Maruti,42019, Diesel ,618399
Maruti Suzuki Celerio,2020,Maruti,10297, Petrol ,552299
Maruti Suzuki Celerio,2021,Maruti,9076, Petrol ,587099
Maruti Suzuki Wagon,2021,Maruti,3219, Petrol ,616299
Maruti Suzuki Celerio,2017,Maruti,40735, Petrol ,436999
Maruti Suzuki Swift,2012,Maruti,62200, Diesel,371000
Maruti Suzuki Zen,1996,Maruti,49000, Petrol,100000
Mahindra NuvoSport N8,2016,Mahindra,120000, Diesel ,295000
Volkswagen Polo Comfortline,2014,Volkswagen,913577, Diesel,475000
Maruti Suzuki S,2022,Maruti,5444, Petrol,1100000
Hyundai Elite i20,2021,Hyundai,7500, Petrol,685000
Mahindra Marazzo M2,2020,Mahindra,5000, Diesel,1320000
Hyundai AURA S,2020,Hyundai,0, Diesel,1000000
Hyundai Grand i10,2014,Hyundai,65648, Petrol ,395399
Hyundai Grand i10,2019,Hyundai,37726, Petrol ,501499
Toyota Corolla Altis,2012,Toyota,54050, Petrol ,503349
Maruti Suzuki Alto,2014,Maruti,25376, Petrol ,268999
Maruti Suzuki Celerio,2019,Maruti,27534, Petrol ,456799
Maruti Suzuki Baleno,2019,Maruti,24453, Petrol ,637499
Hyundai i10 Magna,2012,Hyundai,53248, Petrol + CNG ,181699
Hyundai Grand i10,2015,Hyundai,53939, Petrol ,471299
Honda City,2021,Honda,7867, Petrol ,1534799
Renault Kwid,2021,Renault,2863, Petrol ,461899
Tata Tigor,2021,Tata,9411, Petrol ,774799
Maruti Suzuki Alto,2014,Maruti,28210, Petrol ,265099
Hyundai Grand i10,2014,Hyundai,17239, Petrol ,394799
Maruti Suzuki S,2018,Maruti,50363, Diesel ,975499
Maruti Suzuki Swift,2014,Maruti,35053, Petrol ,444799
Hyundai i20 Active,2016,Hyundai,19921, Petrol ,608899
Honda BRV V,2019,Honda,10500, Petrol,1149000
Tata Harrier XM,2019,Tata,65500, Diesel ,1350000
Hyundai i20 Asta,2010,Hyundai,96231, Diesel,270000
Maruti Suzuki Swift,2015,Maruti,90000, Diesel ,480000
Volkswagen Vento Comfortline,2012,Volkswagen,80000, Diesel,350000
Renault Duster,2013,Renault,135000, Diesel ,400000
Tata Safari New,2011,Tata,126000, Diesel,210000
Maruti Suzuki Ertiga,2021,Maruti,10000, Petrol ,1200000
Maruti Suzuki Swift,2014,Maruti,57280, Diesel ,403399
Hyundai Verna,2013,Hyundai,60368, Petrol ,521699
Mahindra KUV100 K8,2016,Mahindra,19643, Petrol ,447599
Maruti Suzuki Baleno,2016,Maruti,69173, Diesel ,525099
Hyundai Grand i10,2015,Hyundai,53270, Petrol ,421399
Maruti Suzuki Swift,2018,Maruti,30731, Petrol ,619499
Maruti Suzuki S,2019,Maruti,48759, Petrol ,406399
Hyundai i10 Sportz,2013,Hyundai,52004, Petrol ,260599
Maruti Suzuki Baleno,2018,Maruti,39200, Petrol ,576099
Hyundai i10 Magna,2012,Hyundai,45329, Petrol ,265799
Maruti Suzuki Swift,2012,Maruti,57784, Petrol ,328899
Maruti Suzuki Wagon,2013,Maruti,30555, Petrol ,273799
Maruti Suzuki Baleno,2020,Maruti,17760, Petrol ,603599
Maruti Suzuki S,2020,Maruti,20421, Petrol ,432099
MG Motors Hector,2019,MG,35443, Petrol ,1625299
Volkswagen Vento,2013,Volkswagen,67734, Petrol ,484299
Volkswagen Vento Comfortline,2011,Volkswagen,132000, Diesel,150000
Maruti Suzuki Swift,2008,Maruti,121000, Petrol,250000
Hyundai Accent,2008,Hyundai,71000, Petrol,195000
Maruti Suzuki Alto,2015,Maruti,45000, Petrol,290000
Ford Figo Titanium,2016,Ford,23000, Petrol ,265000
Toyota All New,2021,Toyota,5000, Electric,85000
Maruti Suzuki Alto,2018,Maruti,32263, Petrol,45000
Honda Amaze 1.5,2013,Honda,72000, Diesel,380000
Tata Nexon,2021,Tata,16809, Petrol ,890699
Maruti Suzuki Baleno,2018,Maruti,26859, Petrol ,652599
Maruti Suzuki Baleno,2020,Maruti,46168, Petrol ,576299
Maruti Suzuki Swift,2022,Maruti,7480, Petrol ,754699
Renault Kwid RXT,2015,Renault,92348, Petrol ,254499
Ford Ecosport,2017,Ford,38008, Petrol ,713899
Volkswagen Ameo,2017,Volkswagen,38762, Diesel ,628799
Tata Tiago,2018,Tata,11968, Petrol ,506799
Maruti Suzuki Wagon,2015,Maruti,17573, Petrol ,369599
Tata Tiago,2022,Tata,7358, Petrol + CNG ,727899
Mahindra Scorpio,2020,Mahindra,56525, Diesel ,1547399
Honda City VX,2020,Honda,6629, Petrol ,1227799
Maruti Suzuki Alto,2019,Maruti,29359, Petrol ,372099
Hyundai Elite i20,2016,Hyundai,56559, Petrol ,597399
Tata Tigor,2021,Tata,6830, Petrol ,770399
Maruti Suzuki Alto,2016,Maruti,30888, Petrol ,357099
Maruti Suzuki Alto,2009,Maruti,35000, Petrol,45000
Skoda Rapid 1.5,2016,Skoda,116000, Diesel,720000
Tata Zest,2015,Tata,93000, Diesel,425000
Tata Sumo Spacio,2003,Tata,280000, Diesel,150000
Hyundai Accent CNG,2022,Hyundai,2100, CNG,78860
Maruti Suzuki Alto,2022,Maruti,21200, Diesel,788806
Maruti Suzuki Alto,2009,Maruti,35000, Petrol,45000
Hyundai i10 Era,2012,Hyundai,105000, Petrol,245000
Maruti Suzuki Alto,2016,Maruti,30888, Petrol ,357099
Maruti Suzuki XL6,2021,Maruti,36728, Petrol ,1017399
Maruti Suzuki Vitara,2016,Maruti,27613, Diesel ,664699
Maruti Suzuki Wagon,2020,Maruti,10471, Petrol ,543099
Maruti Suzuki Ciaz,2016,Maruti,41843, Diesel ,694899
Audi Q3,2014,Audi,93752, Diesel ,1000349
Hyundai Elite i20,2019,Hyundai,45805, Petrol ,682799
Renault Kwid RXT,2017,Renault,25644, Petrol ,329299
Honda Amaze,2020,Honda,49437, Petrol ,751899
Maruti Suzuki Alto,2022,Maruti,9112, Petrol ,415999
Maruti Suzuki Ciaz,2015,Maruti,88972, Petrol ,521099
Maruti Suzuki Swift,2013,Maruti,53244, Petrol ,376899
Maruti Suzuki S,2021,Maruti,986, Petrol ,941199
Kia Seltos,2021,Kia,29633, Diesel ,1135299
Maruti Suzuki S,2021,Maruti,12130, Petrol ,442299
Hyundai Elite i20,2016,Hyundai,41469, Petrol ,533399
Hyundai Santro Xing,2003,Hyundai,105000, Petrol,110000
Hyundai Xcent 1.2,2017,Hyundai,43000, Diesel,580000
Toyota Innova 2.5,2013,Toyota,28682, Diesel,210000
Mahindra Bolero DI,2022,Mahindra,785684, LPG,2000
Mahindra Scorpio 2.6,2011,Mahindra,130000, Diesel,475000
Mahindra Scorpio 2.6,2011,Mahindra,130000, Diesel,475000
Hyundai Eon Era,2017,Hyundai,30500, Petrol,278000
Hyundai Elite i20,2020,Hyundai,17000, Petrol,850000
Skoda Octavia,2016,Skoda,95282, Diesel ,1058899
Renault Duster,2014,Renault,159012, Diesel ,361499
Maruti Suzuki Wagon,2020,Maruti,23472, Petrol ,573099
Datsun Redi GO,2021,Datsun,7181, Petrol ,420299
Maruti Suzuki Wagon,2017,Maruti,52758, Petrol ,393299
Maruti Suzuki Baleno,2016,Maruti,59676, Petrol ,531199
Hyundai Venue,2022,Hyundai,14619, Petrol ,965299
Maruti Suzuki Alto,2019,Maruti,26194, Petrol ,323299
Hyundai Creta,2020,Hyundai,35997, Petrol ,1371299
Tata Tiago,2017,Tata,40718, Diesel ,465199
Honda Jazz,2016,Honda,36801, Petrol ,414299
Hyundai EON Era,2017,Hyundai,52492, Petrol ,265799
Maruti Suzuki Baleno,2021,Maruti,4034, Petrol ,791099
Honda City,2019,Honda,38050, Petrol ,882999
Hyundai i10,2009,Hyundai,44014, Petrol ,193699
Maruti Suzuki Ignis,2021,Maruti,12532, Petrol ,642999
Volkswagen Vento Comfortline,2011,Volkswagen,132000, Diesel,175000
Toyota Innova Crysta,2022,Toyota,15800, Diesel,2120000
Toyota Innova Crysta,2022,Toyota,15800, Diesel,2120000
Ford EcoSport Ambiente,2013,Ford,90000, Diesel,330000
Mahindra XUV 500,2016,Mahindra,134000, Diesel,850000
Ford EcoSport Titanium,2019,Ford,91000, Diesel,899999
Maruti Suzuki Omni,2008,Maruti,70000, Petrol,250000
Maruti Suzuki Swift,2008,Maruti,139000, Diesel ,199000
Maruti Suzuki Swift,2020,Maruti,10568, Petrol ,592499
Volkswagen Polo,2018,Volkswagen,96751, Petrol ,709299
Mahindra Scorpio S10,2016,Mahindra,74539, Diesel ,1056799
Maruti Suzuki Alto,2018,Maruti,34014, Petrol ,307099
Mahindra Scorpio S10,2016,Mahindra,43452, Diesel ,1058699
Hyundai Creta S,2020,Hyundai,17814, Diesel ,1404599
Renault Duster,2017,Renault,89143, Diesel ,685899
MG Motors Hector,2020,MG,21000, Petrol,1500000
Hyundai Verna FLUIDIC,2018,Hyundai,2500, Petrol,775000
Maruti Suzuki Alto,2011,Maruti,29900, Petrol,165000
Hyundai i10 Magna,2014,Hyundai,64000, Petrol,250000
Mahindra Jeep CL550,2009,Mahindra,15000, Diesel,325000
Mercedes Benz C,2015,Mercedes,33600, Petrol ,2200000
Toyota Innova 2.5,2007,Toyota,106000, Diesel,325000
Maruti Suzuki Ertiga,2013,Maruti,48180, CNG,635000
Honda Jazz VX,2016,Honda,52500, Petrol ,580000
Maruti Suzuki Swift,2017,Maruti,66000, Diesel,677000
Maruti Suzuki Swift,2017,Maruti,66000, Diesel,677000
Maruti Suzuki A,2022,Maruti,784175, Petrol,500000
Maruti Suzuki Alto,2022,Maruti,70022082, CNG,50000
Chevrolet Spark LS,2009,Chevrolet,44200, Petrol,120000
Maruti Suzuki Wagon,2008,Maruti,73000, Petrol,250000
Maruti Suzuki A,2022,Maruti,40, Petrol,50000000
Volkswagen Vento 1.2,2019,Volkswagen,38700, Petrol,1085000
Honda WR V,2017,Honda,21000, Petrol,630000
Skoda Octavia Elegance,2016,Skoda,59900, Petrol,999999
Hyundai Elantra 1.6,2012,Hyundai,76500, Diesel ,599000
Volkswagen Taigun,2022,Volkswagen,2200, Petrol ,1895000
Toyota Yaris G,2019,Toyota,22150, Petrol ,888000
Hyundai Xcent SX,2014,Hyundai,75700, Petrol,465000
Hyundai Elite i20,2017,Hyundai,36600, Petrol,725000
Mahindra Jeep Classic,2022,Mahindra,16, Diesel,431000
Mahindra Jeep Classic,2022,Mahindra,23, Diesel,431000
Mahindra Jeep Classic,2022,Mahindra,12, Diesel,439000
Maruti Suzuki Gypsy,2022,Maruti,16, Petrol,590000
Mahindra Jeep Classic,2022,Mahindra,15, Diesel,437000
Mahindra Jeep Classic,2022,Mahindra,16, Diesel,431000
Mahindra Jeep Classic,2022,Mahindra,13, Diesel,436000
Mahindra Jeep Classic,2022,Mahindra,16, Diesel,431000
Maruti Suzuki A,2022,Maruti,40, Petrol,50000000
Maruti Suzuki A,2000,Maruti,93951488, CNG,9101658655
Maruti Suzuki Alto,2016,Maruti,120000, Petrol,310000
Honda Jazz 1.2,2009,Honda,72000, Petrol ,180000
Maruti Suzuki Dzire,2018,Maruti,68000, Diesel,775000
Hyundai Santro Xing,2005,Hyundai,53160, Petrol,87000
Tata Tigor,2020,Tata,57000, Petrol,500000
Maruti Suzuki Omni,2011,Maruti,48500, Hybrid,190000
Mahindra Jeep Classic,2022,Mahindra,16, Diesel,431000
Maruti Suzuki Gypsy,2022,Maruti,13, Petrol,560000
Mahindra Jeep Classic,2022,Mahindra,16, Diesel,431000
Mahindra Jeep Classic,2022,Mahindra,23, Diesel,432000
Maruti Suzuki Gypsy,2022,Maruti,13, Petrol,562000
Mahindra Jeep Classic,2022,Mahindra,13, Diesel,438000
Mahindra Jeep Classic,2022,Mahindra,28, Diesel,451000
Mahindra Jeep Classic,2022,Mahindra,12, Diesel,431000
Mahindra Jeep Classic,2022,Mahindra,13, Diesel,431000
Mahindra Jeep Classic,2022,Mahindra,13, Diesel,439000
Mahindra Jeep Classic,2022,Mahindra,13, Diesel,439000
Mahindra Jeep Classic,2022,Mahindra,13, Diesel,431000
Mahindra Jeep Classic,2022,Mahindra,13, Diesel,431000
Mahindra Jeep Classic,2022,Mahindra,13, Diesel,431000
Mahindra Jeep Classic,2022,Mahindra,13, Diesel,429000
Mahindra Jeep Classic,2022,Mahindra,16, Diesel,385000
Ford EcoSport Titanium,2017,Ford,31000, Petrol,750000
Tata ALTROZ XZ,2020,Tata,38700, Petrol,649000
Maruti Suzuki Alto,2020,Maruti,20000, Petrol ,360000
Tata Safari,2009,Tata,136000, Diesel,180000
Maruti Suzuki Swift,2006,Maruti,65000, Petrol,119999
Ford Ikon 1.4,2010,Ford,980000, Diesel,180000
Volkswagen Vento Highline,2012,Volkswagen,90000, Diesel,299000
Honda Accord 2.4,2002,Honda,140000, Petrol,200000
Mahindra Jeep Classic,2022,Mahindra,16, Diesel,438000
Mahindra Jeep Classic,2022,Mahindra,13, Diesel,431000
Mahindra Jeep Classic,2022,Mahindra,25, Diesel,439000
Maruti Suzuki Gypsy,2022,Maruti,23, Petrol,590000
Mahindra Jeep Classic,2022,Mahindra,13, Diesel,431000
Mahindra Jeep Classic,2022,Mahindra,16, Diesel,426000
Mahindra Jeep Classic,2022,Mahindra,12, Diesel,421000
Mahindra Jeep Classic,2022,Mahindra,17, Diesel,392000
Mahindra Jeep Classic,2022,Mahindra,12, Diesel,436000
Mahindra Jeep Classic,2022,Mahindra,13, Diesel,429000
Mahindra Jeep Classic,2022,Mahindra,12, Diesel,437000
Mahindra Jeep Classic,2022,Mahindra,43, Diesel,439000
Mahindra Jeep Classic,2022,Mahindra,12, Diesel,435000
Mahindra Jeep Classic,2022,Mahindra,13, Diesel,431000
Mahindra Jeep Classic,2022,Mahindra,16, Diesel,429000
Mahindra Jeep Classic,2022,Mahindra,13, Diesel,435000
Maruti Suzuki SX4,2007,Maruti,46000, Petrol,125000
Tata Indigo eCS,2012,Tata,63000, Diesel,115000
Tata Nano Lx,2014,Tata,28000, Petrol,110000
Maruti Suzuki Baleno,2020,Maruti,87780, Petrol,600000
Chevrolet Sail Hatchback,2015,Chevrolet,78000, Petrol ,265000
Maruti Suzuki Esteem,2007,Maruti,88000, Petrol,150000
Maruti Suzuki Wagon,2012,Maruti,59000, CNG,215000
Tata Bolt XT,2016,Tata,72000, Petrol,215000
Maruti Suzuki Gypsy,2021,Maruti,12, Petrol,598000
Mahindra Jeep Classic,2022,Mahindra,13, Diesel,437000
Maruti Suzuki Gypsy,2022,Maruti,13, Petrol,599000
Mahindra Jeep Classic,2022,Mahindra,13, Diesel,421000
Mahindra Jeep Classic,2022,Mahindra,23, Diesel,453000
Mahindra Jeep Classic,2022,Mahindra,16, Diesel,431000
Maruti Suzuki Gypsy,2022,Maruti,13, Petrol,590000
Maruti Suzuki Gypsy,2022,Maruti,16, Petrol,568000
Mahindra Jeep Classic,2022,Mahindra,13, Diesel,431000
Mahindra Jeep Classic,2022,Mahindra,25, Diesel,439000
Mahindra Jeep Classic,2022,Mahindra,19, Diesel,437000
Mahindra Jeep Classic,2022,Mahindra,13, Diesel,439000
Hyundai Santro 1.1,2021,Hyundai,12000, Petrol,450000
Toyota Corolla Altis,2014,Toyota,102000, Petrol,440000
Hyundai Grand i10,2018,Hyundai,23000, Petrol,450000
Jeep Compass Longitude,2018,Jeep,17000, Diesel,1250000
Honda City 1.5,2009,Honda,99000, Hybrid ,225000
Volkswagen Vento Highline,2019,Volkswagen,2600, Diesel ,850000
Tata Tiago Revotorq,2021,Tata,25700, Petrol ,530000
Hyundai Santro Xing,2006,Hyundai,74000, Petrol ,150000
Mahindra Bolero,2016,Mahindra,200000, Diesel,600000
Maruti Suzuki Celerio,2020,Maruti,55000, CNG,560000
Maruti Suzuki Swift,2019,Maruti,36000, Petrol,575000
Maruti Suzuki Vitara,2018,Maruti,25000, Diesel,765000
Hyundai Verna,2012,Hyundai,90000, Diesel,425000
Toyota Innova 2.5,2014,Toyota,130000, Diesel,1300000
Maruti Suzuki Wagon,2012,Maruti,98000, CNG,265000
Mahindra Scorpio 2.6,2005,Mahindra,105000, Diesel,185000
Maruti Suzuki Ritz,2016,Maruti,160301, Diesel,315000
Honda Civic VX,2007,Honda,91725, Petrol,240000
Ford EcoSport Titanium,2014,Ford,129000, Diesel,728000
Maruti Suzuki Ertiga,2013,Maruti,48180, CNG,635000
Maruti Suzuki SX4,2010,Maruti,60532, Petrol,265000
Maruti Suzuki Zen,2011,Maruti,40780, CNG,195000
Maruti Suzuki A,2012,Maruti,31328, Petrol,210000
Honda Amaze 1.2,2019,Honda,33000, Petrol,750000
Mahindra TUV300 T8,2017,Mahindra,38000, Diesel,825000
Honda City VX,2019,Honda,61000, Petrol,1155000
Audi Q3 2.0,2014,Audi,88759, Diesel ,1790000
Skoda Rapid STYLE,2020,Skoda,74567, Petrol,990000
Maruti Suzuki Zen,2008,Maruti,84550, Petrol,120000
Maruti Suzuki Zen,1999,Maruti,70000, Petrol,80000
Honda Civic Hybrid,2008,Honda,950000, CNG,230000
Chevrolet Optra Magnum,2010,Chevrolet,131000, Diesel ,200000
Maruti Suzuki Alto,2011,Maruti,65300, Petrol,215000
Chevrolet Beat LS,2010,Chevrolet,63000, Petrol,115000
Hyundai i10 Sportz,2013,Hyundai,80000, Petrol,350000
Hyundai Accent CRDi,2004,Hyundai,125000, Diesel,145000
Hyundai Verna 1.6,2021,Hyundai,26211, Petrol ,1290000
Renault Kiger RXT,2021,Renault,2246, Petrol ,990000
BMW X1 sDrive20d,2018,BMW,40128, Diesel ,2890000
Mini Countryman Cooper,2020,Mini Cooper,19710, Diesel ,3690000
Mercedes Benz B,2016,Mercedes,44572, Diesel ,1790000
Tata Nexon XMA,2020,Tata,27066, Diesel,844444
Audi A4 2.0,2014,Audi,57643, Diesel ,1590000
Hyundai Creta 1.4,2018,Hyundai,82000, Diesel,877777
Audi A6 35,2017,Audi,60566, Diesel ,3390000
Honda City ZX,2021,Honda,9900, Petrol,1490000
Chevrolet Optra Elite,2008,Chevrolet,45000, Petrol,135000
Toyota Camry,1999,Toyota,46523, Diesel,495000
Mahindra TUV300 T6,2016,Mahindra,41642, Diesel,666666
Mahindra Jeep Classic,2022,Mahindra,12, Diesel,403000
Kia Seltos GTX,2019,Kia,33000, Diesel,1525000
Mahindra Jeep Classic,2022,Mahindra,13, Diesel,398000
Skoda Rapid 1.5,2015,Skoda,140000, Diesel,450000
Hyundai Accent,2005,Hyundai,120000, Diesel ,120000
Honda City ZX,2008,Honda,35000, Petrol,250000
Tata Indica Vista,2010,Tata,78000, Diesel,175000
Tata Indica Vista,2010,Tata,18000, Diesel,200000
Skoda Octavia Ambiente,2005,Skoda,200000, Diesel,150000
Hyundai i10 Sportz,2009,Hyundai,118000, Petrol,265000
Mahindra Marazzo M8,2020,Mahindra,38000, Diesel,1050000
Mahindra Jeep Classic,2022,Mahindra,12, Diesel,439000
Mahindra Jeep Classic,2022,Mahindra,12, Diesel,449000
Mahindra Jeep Classic,2022,Mahindra,12, Diesel,446000
Mahindra Jeep Classic,2022,Mahindra,12, Diesel,439000
Mahindra Jeep Classic,2022,Mahindra,12, Diesel,439000
Mahindra Jeep Classic,2022,Mahindra,12, Diesel,439000
Mahindra Jeep Classic,2022,Mahindra,13, Diesel,438500
Mahindra Jeep Classic,2022,Mahindra,12, Diesel,441000
Mahindra Jeep Classic,2022,Mahindra,12, Diesel,439000
Mahindra Jeep Classic,2022,Mahindra,14, Diesel,421000
Mahindra Jeep Classic,2022,Mahindra,12, Diesel,439000
Mahindra Jeep Classic,2022,Mahindra,14, Diesel,439000
Mahindra Jeep Classic,2022,Mahindra,12, Diesel,438000
Maruti Suzuki Estilo,2012,Maruti,67500, Petrol,200000
MG Motors Hector,2019,MG,35000, Diesel,1600000
Mahindra Thar CRDe,2022,Mahindra,8000, Petrol,1900000
Maruti Suzuki Omni,2015,Maruti,17000, Petrol ,340000
Hyundai Verna,2008,Hyundai,150000, Diesel,250000
Maruti Suzuki Swift,2010,Maruti,82000, Diesel,220000
Hyundai Creta 1.6,2019,Hyundai,32000, Petrol,1050000
Hyundai Verna 1.6,2017,Hyundai,33500, Petrol ,1100000
Maruti Suzuki Wagon,2010,Maruti,120000, CNG ,270000
Maruti Suzuki Wagon,2012,Maruti,89999, CNG ,310000
Chevrolet Enjoy,2016,Chevrolet,100000, Diesel,285000
Honda City 1.5,2008,Honda,84000, Petrol,99000
Maruti Suzuki Ritz,2011,Maruti,52000, Diesel,181000
Toyota Innova Crysta,2019,Toyota,103000, Diesel,2650000
Nissan Micra XV,2014,Nissan,45000, Petrol,215000
Hyundai Creta 1.4,2019,Hyundai,33000, Petrol,1121000
Honda City V,2014,Honda,55000, Diesel,445000
Volkswagen Polo Comfortline,2019,Volkswagen,14000, Petrol,545000
Honda City VX,2018,Honda,24900, Petrol,789000
Maruti Suzuki Baleno,2017,Maruti,37000, Petrol,560000
Hyundai Creta 1.4,2017,Hyundai,49000, Diesel,750000
Mahindra XUV 500,2013,Mahindra,120000, Diesel,535000
Mahindra Jeep Classic,2022,Mahindra,13, Diesel,413000
Mahindra Jeep Classic,2022,Mahindra,14, Diesel,439000
Maruti Suzuki Zen,2011,Maruti,40000, CNG,225000
Toyota Corolla Altis,2017,Toyota,39000, Petrol,824000
Volkswagen Vento Comfortline,2013,Volkswagen,42000, Diesel,275000
Maruti Suzuki Estilo,2014,Maruti,64000, Petrol ,320000
Volkswagen Polo Comfortline,2011,Volkswagen,51000, Diesel,200000
Ford EcoSport Trend,2015,Ford,128100, Diesel ,400000
Ford EcoSport Titanium,2018,Ford,74039, Diesel ,738249
Hyundai Fluidic Verna,2013,Hyundai,35000, Petrol ,440000
Maruti Suzuki Swift,2015,Maruti,120000, Diesel,425000
Toyota Corolla Altis,2010,Toyota,140000, Diesel ,325000
Hyundai i10 Magna,2009,Hyundai,95000, CNG,110000
Maruti Suzuki Ertiga,2016,Maruti,50500, CNG,792000
Maruti Suzuki Wagon,2021,Maruti,50000, CNG,615000
Mahindra XUV 500,2016,Mahindra,59000, Diesel,945000
Maruti Suzuki Baleno,2019,Maruti,26000, Petrol,858000
Maruti Suzuki Ciaz,2017,Maruti,46081, Diesel,666666
Maruti Suzuki XL6,2019,Maruti,32000, Petrol,1175000
Honda Jazz 1.2,2017,Honda,13500, Petrol,725000
Hyundai Verna 1.4,2013,Hyundai,48448, Diesel,295000
Hyundai Elite i20,2014,Hyundai,55000, Petrol,445000
Maruti Suzuki Ertiga,2018,Maruti,74000, CNG,775000
Hyundai Tucson 2WD,2018,Hyundai,46000, Diesel,1499000
Honda Amaze 1.5,2016,Honda,52999, Diesel ,545000
Mahindra Jeep Classic,2022,Mahindra,14, Diesel,398000
Mahindra Jeep Classic,2022,Mahindra,12, Diesel,443000
Mahindra Jeep Classic,2022,Mahindra,12, Diesel,451500
Mahindra Jeep Classic,2022,Mahindra,14, Diesel,510000
Chevrolet Enjoy 1.3,2013,Chevrolet,47000, Diesel,265000
Maruti Suzuki Stingray,2015,Maruti,87565, Petrol ,325000
Maruti Suzuki Maruti,2007,Maruti,92000, Petrol,60000
Chevrolet Captiva 2.0,2011,Chevrolet,200000, Diesel ,400000
Honda WRV,2017,Honda,70000, Diesel,800000
Maruti Suzuki Alto,2006,Maruti,125000, Petrol,85000
Hyundai i10 Magna,2009,Hyundai,112000, Petrol,130000
Hyundai Elantra 2.0,2014,Hyundai,5000, Diesel ,225000
Mahindra Jeep Classic,2022,Mahindra,13, Diesel,439000
Maruti Suzuki Ciaz,2018,Maruti,20800, Petrol,775000
Jaguar XF 2.2,2013,Jaguar,21000, Diesel,1222222
Ford EcoSport Titanium,2015,Ford,53000, Petrol,499000
Hyundai Elite i20,2016,Hyundai,67500, Diesel,625000
Maruti Suzuki Ertiga,2019,Maruti,53000, Petrol,850000
Hyundai Grand i10,2020,Hyundai,11000, Petrol,650000
Maruti Suzuki Alto,2011,Maruti,29900, Petrol,165000
Hyundai Verna Fluidic,2020,Hyundai,26453, Petrol,1290000
Renault Kiger RXT,2022,Renault,2134, Petrol,990000
Skoda Octavia LK,2018,Skoda,84556, Petrol,1544444
Skoda Octavia Elegance,2016,Skoda,59900, Petrol,1099999
Mahindra XUV 500,2014,Mahindra,34000, Diesel,685000
Maruti Suzuki Swift,2007,Maruti,108000, Diesel,200000
Ford Endeavour 2.5L,2014,Ford,36036, Diesel,990000
Honda City ZX,2021,Honda,9090, Petrol,1490000
Maruti Suzuki Wagon,2012,Maruti,110000, Petrol,260000
Honda Amaze 1.2,2020,Honda,57000, CNG,700000
Tata Nano Lx,2011,Tata,35000, Petrol,79000
MG Motors Hector,2021,MG,10500, Diesel ,2000000
Nissan Sunny XL,2012,Nissan,110000, Diesel,300000
Maruti Suzuki Celerio,2019,Maruti,120000, CNG,350000
Tata Indica,2015,Tata,143575, Diesel ,235000
BMW X1 sDrive20d,2018,BMW,40123, Diesel,2890000
Hyundai Grand i10,2017,Hyundai,10897, Petrol,560000
Hyundai Xcent SX,2015,Hyundai,32000, Petrol,395000
Tata Safari New,2007,Tata,95000, Diesel,215000
Hyundai i20 Magna,2013,Hyundai,64000, Petrol,345000
Maruti Suzuki Vitara,2016,Maruti,69000, Diesel,775000
Maruti Suzuki Ertiga,2016,Maruti,65000, CNG,765000
Honda City 1.5,2012,Honda,77000, Petrol,435000
Renault Lodgy 85,2017,Renault,67000, Diesel,565000
Maruti Suzuki Swift,2014,Maruti,28000, Petrol,395000
Maruti Suzuki Alto,2012,Maruti,30000, Petrol,195000
Hyundai Santro Xing,2009,Hyundai,50000, Petrol,135000
Skoda Rapid Elegance,2013,Skoda,67000, Petrol,395000
Hyundai Grand i10,2015,Hyundai,50000, Petrol,385000
Hyundai i10 Asta,2010,Hyundai,34500, Petrol,275000
Volkswagen Vento Trendline,2011,Volkswagen,97000, Petrol,285000
Honda Amaze,2020,Honda,55000, Diesel ,710000
Toyota Innova 2.5,2010,Toyota,77500, Diesel,475000
Hyundai Eon Magna,2012,Hyundai,67000, Petrol,195000
Tata Indica,2000,Tata,200000, Diesel ,75000
Ford Figo Trend,2017,Ford,76000, Diesel ,290000
Datsun Redi GO,2020,Datsun,24000, Petrol ,285000
Toyota Corolla,2008,Toyota,118000, Petrol ,305000
Maruti Suzuki Swift,2008,Maruti,110000, Diesel,385000
Mahindra Jeep Classic,2022,Mahindra,13, Diesel,442000
Mahindra Jeep Classic,2022,Mahindra,13, Diesel,416000
Mahindra Jeep Classic,2022,Mahindra,41, Diesel,439000
Mahindra Jeep Classic,2022,Mahindra,13, Diesel,447000
Mahindra Jeep Classic,2022,Mahindra,12, Diesel,449000
Mahindra Jeep Classic,2022,Mahindra,12, Diesel,439000
Maruti Suzuki Wagon,2020,Maruti,25000, Petrol,520000
Mahindra Jeep Classic,2022,Mahindra,13, Diesel,442000
Mahindra Jeep Classic,2022,Mahindra,12, Diesel,438000
Mahindra Jeep Classic,2022,Mahindra,18, Diesel,436000
Mahindra Jeep Classic,2022,Mahindra,15, Diesel,431000
Mahindra Jeep Classic,2022,Mahindra,16, Diesel,439000
Mahindra Jeep Classic,2022,Mahindra,18, Diesel,439000
Mahindra Jeep Classic,2022,Mahindra,12, Diesel,439000
Mahindra TUV300 T6,2016,Mahindra,85000, Diesel,550000
Honda Brio VX,2019,Honda,45000, Petrol,525000
Toyota Etios J,2011,Toyota,118900, Petrol ,225000
Ford Figo,2016,Ford,49000, Diesel,395000
Maruti Suzuki Estilo,2007,Maruti,70000, Petrol ,120000
Hyundai i20 Asta,2011,Hyundai,40260, Petrol ,325000
Ford Fiesta,2010,Ford,120000, Diesel,260000
Ford Fiesta 1.4,2010,Ford,120000, Diesel ,260000
Maruti Suzuki Alto,2008,Maruti,110000, Hybrid,60000
Mahindra Maxx,2017,Mahindra,70000, Diesel,310000
Ford Figo Diesel,2014,Ford,75000, Diesel,425000
Honda City VX,2017,Honda,53617, Petrol,999999
Maruti Suzuki Ertiga,2016,Maruti,55000, Diesel,600000
Hyundai Santro Xing,2014,Hyundai,65000, CNG,255000
Hyundai Verna 1.6,2018,Hyundai,23000, Petrol,850000
Hyundai i20 Magna,2012,Hyundai,38000, Petrol,335000
Maruti Suzuki Alto,2012,Maruti,30000, Petrol,185000
Hyundai i20 1.4,2013,Hyundai,63000, CNG,365000
Honda Amaze 1.2,2015,Honda,27000, Petrol,495000
Hyundai i20 Magna,2013,Hyundai,31000, Diesel,299999
Honda Accord 2.4,2011,Honda,49000, Petrol ,475000
Honda City 1.5,2014,Honda,55000, Diesel ,445000
Hyundai Verna Fluidic,2018,Hyundai,28000, Petrol ,845000
Renault Duster RxL,2013,Renault,62000, Petrol,365000
Nissan Micra XL,2017,Nissan,35400, Petrol ,535000
Ford EcoSport Titanium,2020,Ford,26700, Petrol ,975000
Tata Safari Storme,2013,Tata,100000, Diesel,610000
Mahindra Jeep Classic,2022,Mahindra,12, Diesel,439000
Mahindra Jeep Classic,2022,Mahindra,16, Diesel,439000
Mahindra Jeep Classic,2022,Mahindra,15, Diesel,439000
Mahindra Jeep Classic,2022,Mahindra,14, Diesel,438000
Mahindra Jeep Classic,2022,Mahindra,14, Diesel,437000
Mahindra Jeep Classic,2022,Mahindra,14, Diesel,439000
Mahindra Jeep Classic,2022,Mahindra,13, Diesel,438000
Ford EcoSport Titanium,2017,Ford,53500, Petrol ,735000
Hyundai Verna Fluidic,2018,Hyundai,72000, CNG,899999
Maruti Suzuki Vitara,2016,Maruti,91094, Diesel,622222
Honda Civic 1.8,2011,Honda,34000, Petrol,233333
Honda City 1.5,2015,Honda,42000, Petrol ,525000
Maruti Suzuki Baleno,2017,Maruti,37000, Petrol ,545000
Toyota Corolla Altis,2015,Toyota,57000, Petrol ,595000
Volkswagen Polo Comfortline,2019,Volkswagen,14000, Petrol ,545000
Land Rover Discovery,2016,Land Rover,56000, Diesel ,2995000
Hyundai Verna Fluidic,2018,Hyundai,45000, Diesel ,685000
Honda City 1.5,2014,Honda,49000, Petrol ,545000
Mahindra XUV 500,2015,Mahindra,68000, Diesel ,1500000
Honda CRV 2.4,2017,Honda,19000, Petrol,1425000
Honda City 1.5,2016,Honda,53000, Petrol,549000
Maruti Suzuki Swift,2008,Maruti,77000, Petrol,195000
Maruti Suzuki Swift,2010,Maruti,71000, Petrol,245000
Mahindra Jeep Classic,2022,Mahindra,18, Diesel,437000
Mahindra Jeep Classic,2022,Mahindra,13, Diesel,439000
Maruti Suzuki Ertiga,2014,Maruti,35000, Petrol,750000
Toyota Camry V4,2011,Toyota,78000, Petrol,360000
Maruti Suzuki Baleno,2017,Maruti,84109, Petrol + CNG ,588999
Honda City V,2018,Honda,90113, Petrol + CNG ,893699
Toyota Corolla Altis,2014,Toyota,94666, Petrol ,682449
Maruti Suzuki Ciaz,2017,Maruti,62847, Petrol ,756099
Maruti Suzuki Swift,2006,Maruti,114000, CNG,145000
Hyundai Fluidic Verna,2021,Hyundai,27611, Diesel,1199999
Mahindra Bolero SLE,2015,Mahindra,85000, Diesel,611000
Mahindra Bolero SLE,2015,Mahindra,85000, Diesel,611000
Mahindra TUV300 T6,2016,Mahindra,85000, Diesel,525000
Mahindra TUV300 T6,2016,Mahindra,85000, Diesel,550000
Mahindra TUV300 T6,2016,Mahindra,850000, Diesel,625000
Chevrolet Tavera Neo,2013,Chevrolet,62000, Diesel,675000
Mahindra Quanto C8,2013,Mahindra,85000, Diesel,350000
Chevrolet Beat LT,2014,Chevrolet,55000, Petrol,250000
Mahindra Quanto C8,2015,Mahindra,85000, Diesel,411000
Mahindra Bolero SLE,2015,Mahindra,72000, Diesel,625000
Tata Sumo SE,2014,Tata,85000, Diesel,411000
Toyota Innova 2.5,2011,Toyota,112000, Diesel,675000
Chevrolet Sail UVA,2017,Chevrolet,75000, Diesel,375000
Mahindra TUV300 T6,2016,Mahindra,85000, Diesel,625000
Maruti Suzuki Ciaz,2017,Maruti,62847, Petrol ,756099
Maruti Suzuki Ciaz,2017,Maruti,23647, Petrol ,742999
Jeep Compass,2018,Jeep,88971, Diesel ,1129299
Mahindra TUV300 T8,2017,Mahindra,83316, Diesel ,583099
Toyota Innova Crysta,2016,Toyota,83982, Diesel ,1388199
Hyundai Grand i10,2018,Hyundai,23602, Petrol ,581799
Maruti Suzuki Baleno,2017,Maruti,20632, Petrol ,605299
Hyundai Creta 1.6,2016,Hyundai,75215, Petrol ,877699
Maruti Suzuki Baleno,2016,Maruti,38000, Diesel,555555
Honda Accord 3.5,2010,Honda,56115, Petrol,499999
Mahindra Jeep Classic,2022,Mahindra,12, Diesel,432000
Mahindra Jeep Classic,2022,Mahindra,12, Diesel,395000
Mahindra Jeep Classic,2022,Mahindra,12, Diesel,438000
Maruti Suzuki Gypsy,2022,Maruti,12, Petrol,593000
Mahindra Jeep Classic,2022,Mahindra,12, Diesel,431000
Mahindra Jeep Classic,2022,Mahindra,13, Diesel,439000
Mahindra Jeep Classic,2022,Mahindra,13, Diesel,463000
Audi A4 2.0,2014,Audi,27000, Diesel ,1150000
Mahindra Marazzo M2,2020,Mahindra,19990, Diesel ,1150000
Skoda Kodiaq,2019,Skoda,60400, Diesel ,3260000
Mahindra XUV 500,2017,Mahindra,46000, Diesel,649999
Mahindra TUV300 T6,2015,Mahindra,80000, Diesel,444444
BMW 3 Series,2013,BMW,33000, Diesel,844444
Hyundai Grand i10,2019,Hyundai,42000, Diesel,415000
Maruti Suzuki Baleno,2017,Maruti,20632, Petrol ,605299
Hyundai Grand i10,2017,Hyundai,79116, Petrol ,544499
Maruti Suzuki Eeco,2017,Maruti,39482, Petrol ,419799
Hyundai Grand i10,2017,Hyundai,63788, Petrol ,430549
MG Motors Hector,2019,MG,56543, Petrol + CNG ,1279699
Maruti Suzuki Alto,2017,Maruti,71089, Petrol ,309099
Maruti Suzuki Baleno,2021,Maruti,42899, Petrol ,720899
Maruti Suzuki Ertiga,2018,Maruti,80236, Diesel ,813599
Toyota Innova 2.5,2006,Toyota,300000, Diesel ,360000
Maruti Suzuki Swift,2008,Maruti,150000, Diesel,255000
Nissan Terrano XV,2015,Nissan,98000, Diesel,550000
Mahindra Jeep Classic,2022,Mahindra,12, Diesel,432000
Honda City VX,2015,Honda,66000, Petrol,575000
Honda Jazz 1.2,2017,Honda,27000, Petrol,600000
Maruti Suzuki Baleno,2021,Maruti,9380, Petrol ,772000
Maruti Suzuki Swift,2018,Maruti,96000, Diesel,825000
Maruti Suzuki Swift,2016,Maruti,185000, Diesel ,500000
Land Rover Range,2021,Land Rover,35000, Diesel,6666666
Kia Sonet,2020,Kia,30000, Petrol,999000
Ford EcoSport Titanium,2014,Ford,42000, Petrol,425000
Honda City,2017,Honda,113000, Diesel,750000
Mitsubishi Lancer 1.8,2005,Mitsubishi,80000, Petrol,190000
Ford Figo 1.5,2019,Ford,39900, Diesel ,689000
Maruti Suzuki S,2021,Maruti,12700, Petrol ,1099000
Renault Kwid,2018,Renault,23301, Petrol ,354899
Hyundai i10 Magna,2015,Hyundai,64604, Petrol ,345099
Mahindra XUV 500,2017,Mahindra,63895, Diesel ,989749
Maruti Suzuki Eeco,2021,Maruti,11574, Petrol ,531399
MG Motors Hector,2021,MG,16088, Petrol ,1742599
Maruti Suzuki Wagon,2018,Maruti,44441, Petrol + CNG ,433899
Maruti Suzuki Swift,2018,Maruti,16022, Petrol ,562199
Maruti Suzuki Celerio,2021,Maruti,44370, Petrol + CNG ,602199
Skoda Octavia L,2018,Skoda,35700, Diesel ,2095000
Maruti Suzuki Wagon,2010,Maruti,88000, CNG,189999
Honda City SV,2015,Honda,79000, Petrol,566666
Chevrolet Captiva LT,2008,Chevrolet,141000, Diesel,351000
Honda City 1.5,2011,Honda,77000, Petrol,290000
Maruti Suzuki Swift,2019,Maruti,75000, Petrol,645000
Maruti Suzuki Swift,2017,Maruti,38000, Petrol,555000
Toyota Innova Crysta,2020,Toyota,70000, Diesel,2366666
Hyundai Xcent S,2015,Hyundai,65000, Petrol,375000
Maruti Suzuki Wagon,2022,Maruti,1000, CNG ,690000
MG Motors Hector,2021,MG,18000, Petrol,1899999
Mahindra Jeep Classic,2022,Mahindra,13, Diesel,437000
Mahindra Jeep Classic,2022,Mahindra,13, Diesel,437000
Mahindra Jeep Classic,2022,Mahindra,13, Diesel,438000
Mahindra Jeep Classic,2022,Mahindra,13, Diesel,439000
Mahindra Jeep Classic,2022,Mahindra,13, Diesel,439000
Hyundai Grand i10,2015,Hyundai,32783, Petrol ,411499
Renault Duster,2018,Renault,62910, Diesel ,774399
Maruti Suzuki Ignis,2019,Maruti,32983, Petrol ,475699
Maruti Suzuki Alto,2021,Maruti,16379, Petrol ,407699
Maruti Suzuki S,2020,Maruti,1646, Petrol ,476499
Maruti Suzuki Wagon,2011,Maruti,57780, Petrol ,291699
Renault Kwid RXT,2018,Renault,43063, Petrol ,355299
Tata Tiago,2022,Tata,18290, Petrol ,652649
Mahindra Jeep Classic,2022,Mahindra,13, Electric,438000
Mahindra Jeep Classic,2022,Mahindra,12, Diesel,439000
Mahindra Jeep Classic,2022,Mahindra,13, Diesel,439000
Maruti Suzuki Wagon,2020,Maruti,25000, Petrol,525000
Tata Safari,2021,Tata,34540, Diesel ,2250000
Maruti Suzuki Baleno,2016,Maruti,73000, CNG,555555
Toyota Fortuner 3.0,2015,Toyota,40000, Diesel,1499999
Mahindra Xylo H4,2017,Mahindra,140000, Diesel,600000
Maruti Suzuki Swift,2014,Maruti,86000, Diesel ,575000
Mahindra Jeep Classic,2022,Mahindra,14, Diesel,432000
Maruti Suzuki Wagon,2019,Maruti,55000, CNG,525000
Maruti Suzuki Baleno,2019,Maruti,45000, Petrol,500000
Mahindra Jeep Classic,2022,Mahindra,13, Diesel,395000
Mahindra Jeep Classic,2022,Mahindra,13, Diesel,429000
Mahindra Jeep Classic,2022,Mahindra,13, Diesel,438000
Mahindra Jeep Classic,2022,Mahindra,13, Diesel,431000
Maruti Suzuki Ignis,2019,Maruti,34454, Petrol ,594499
Maruti Suzuki Swift,2013,Maruti,73762, Diesel ,438199
Honda Jazz,2021,Honda,8476, Petrol ,957849
Hyundai Elite i20,2018,Hyundai,45456, Petrol ,571699
Maruti Suzuki Eeco,2021,Maruti,11488, Petrol ,531399
Maruti Suzuki Alto,2013,Maruti,67605, Petrol ,226999
Maruti Suzuki Wagon,2019,Maruti,55379, Petrol ,568299
Hyundai EON Era,2017,Hyundai,27741, Petrol ,337099
Mahindra Jeep Classic,2022,Mahindra,19, Diesel,429000
Mahindra Jeep Classic,2022,Mahindra,13, Diesel,431900
Mahindra Jeep Classic,2022,Mahindra,16, Diesel,397000
Mahindra Jeep Classic,2022,Mahindra,12, Diesel,398700
Mahindra Jeep Classic,2022,Mahindra,23, Diesel,431000
Mahindra Jeep Classic,2022,Mahindra,23, Diesel,398000
Mahindra Jeep Classic,2022,Mahindra,13, Diesel,398000
Mahindra Jeep Classic,2022,Mahindra,14, Diesel,399000
Maruti Suzuki Ertiga,2016,Maruti,55000, Diesel,625000
Honda Jazz,2021,Honda,3050, Petrol,1020000
Maruti Suzuki Swift,2014,Maruti,61000, CNG,449999
Honda Amaze 1.5,2015,Honda,82000, Diesel,299999
Maruti Suzuki Baleno,2016,Maruti,36000, Diesel,499999
Honda Amaze 1.5,2015,Honda,82000, Diesel,299999
Tata Harrier XZ,2020,Tata,11500, Diesel,1799999
Audi A4 35,2015,Audi,100000, Diesel,1399999
Hyundai Santro Sportz,2021,Hyundai,8413, Petrol ,555999
Tata Harrier,2019,Tata,71915, Diesel ,1372499
Maruti Suzuki Ignis,2018,Maruti,56217, Petrol ,479099
Maruti Suzuki Alto,2019,Maruti,41057, Petrol ,424899
Maruti Suzuki Baleno,2019,Maruti,42941, Petrol ,691899
Maruti Suzuki Celerio,2021,Maruti,4501, Petrol ,733999
Hyundai EON Era,2017,Hyundai,42887, Petrol ,337099
Maruti Suzuki Wagon,2015,Maruti,57803, Petrol ,329099
Maruti Suzuki Wagon,2010,Maruti,50000, CNG,222222
Maruti Suzuki Wagon,2013,Maruti,39000, Petrol,277777
Maruti Suzuki Wagon,2021,Maruti,12000, CNG,644444
Volkswagen Polo Highline1.2L,2015,Volkswagen,78000, Diesel,349999
Mahindra XUV 300,2019,Mahindra,59000, Diesel,850000
Maruti Suzuki Ciaz,2016,Maruti,65000, Diesel,470000
Mercedes Benz CLS,2018,Mercedes,2000, Diesel,5500000
Renault Kwid 1.0,2021,Renault,11700, Petrol,469000
Honda City SV,2017,Honda,39000, Petrol,573000
Renault Lodgy 110,2017,Renault,45000, Diesel,549000
Hyundai Grand i10,2019,Hyundai,26000, Petrol,505000
Maruti Suzuki Zen,2009,Maruti,51000, Petrol,125000
Honda City VX,2017,Honda,37000, Petrol,774000
Hyundai Grand i10,2019,Hyundai,35000, Petrol,425000
Hyundai i20 Active,2015,Hyundai,47000, Petrol,465000
Hyundai i20 Active,2017,Hyundai,37000, Petrol,565000
Maruti Suzuki Wagon,2015,Maruti,57803, Petrol ,329099
Hyundai Elite i20,2020,Hyundai,7521, Petrol ,657199
Hyundai Grand i10,2017,Hyundai,54096, Petrol ,453399
Maruti Suzuki Wagon,2018,Maruti,48415, Petrol ,418999
Hyundai Elite i20,2018,Hyundai,94618, Petrol ,645649
Hyundai Grand i10,2018,Hyundai,46674, Petrol ,538099
Renault Kwid RxL,2020,Renault,11078, Petrol ,408099
Hyundai Santro,2019,Hyundai,18715, Petrol ,477199
Maruti Suzuki Baleno,2017,Maruti,48000, Petrol,585000
Honda City V,2013,Honda,47000, Petrol,330000
Hyundai Verna 1.6,2016,Hyundai,42000, Diesel,525000
Hyundai Grand i10,2017,Hyundai,43000, Diesel,349000
Renault Duster 110,2013,Renault,40000, Diesel,349000
Maruti Suzuki Ertiga,2014,Maruti,53000, Diesel,549000
Maruti Suzuki Wagon,2017,Maruti,38800, Petrol,465000
Renault Duster,2018,Renault,54100, Petrol ,845000
Hyundai Elite i20,2020,Hyundai,35800, Petrol ,835000
Tata Zest XMS,2014,Tata,29000, Petrol,250000
Tata ALTROZ XE,2020,Tata,34000, Diesel,725000
Mahindra Jeep Classic,2022,Mahindra,12, Diesel,439000
Mahindra Jeep Classic,2022,Mahindra,13, Diesel,431000
Mahindra Jeep Classic,2022,Mahindra,16, Diesel,405000
Mahindra Jeep Classic,2022,Mahindra,12, Diesel,431000
Renault Triber,2020,Renault,25269, Petrol ,710199
Hyundai Elite i20,2018,Hyundai,31122, Petrol ,613499
Maruti Suzuki Swift,2018,Maruti,35220, Petrol ,579099
Renault Kwid RxL,2020,Renault,11078, Petrol ,408099
Hyundai Santro,2019,Hyundai,18715, Petrol ,477199
Hyundai Xcent S,2014,Hyundai,69191, Petrol ,428099
Maruti Suzuki Swift,2013,Maruti,72886, Diesel ,403099
Hyundai Grand i10,2018,Hyundai,47353, Petrol ,502999
Mahindra Jeep Classic,2022,Mahindra,13, Diesel,431000
Maruti Suzuki Gypsy,2022,Maruti,13, Petrol,599900
Maruti Suzuki Gypsy,2022,Maruti,13, Petrol,583000
Maruti Suzuki Gypsy,2022,Maruti,13, Petrol,599830
Maruti Suzuki Gypsy,2022,Maruti,16, Petrol,593000
Mahindra Jeep Classic,2022,Mahindra,13, Diesel,398000
BMW X5 xDrive30d,2019,BMW,56000, Diesel,7690000
Tata Nexon XZ,2020,Tata,7600, Diesel,1100000
Hyundai Santro Xing,2014,Hyundai,64000, CNG,265000
Mahindra Marazzo M2,2019,Mahindra,63000, Diesel,800000
Audi A3 35,2018,Audi,26950, Diesel,3075000
Maruti Suzuki Alto,2019,Maruti,42000, CNG,350000
Maruti Suzuki Wagon,2017,Maruti,52000, CNG,325000
Mitsubishi Pajero Sport,2014,Mitsubishi,96000, Diesel ,1100000
Mahindra Jeep Classic,2022,Mahindra,14, Diesel,530000
Mahindra Jeep Classic,2022,Mahindra,14, Diesel,562000
Hyundai Grand i10,2018,Hyundai,47353, Petrol ,502999
Maruti Suzuki Alto,2017,Maruti,50768, Petrol ,400899
Hyundai Xcent S,2014,Hyundai,69191, Petrol ,428099
Hyundai Elite i20,2017,Hyundai,16146, Petrol ,605999
Maruti Suzuki Celerio,2018,Maruti,17698, Petrol ,521199
Maruti Suzuki Swift,2014,Maruti,33484, Petrol ,415099
Kia Seltos,2020,Kia,74052, Diesel ,1841899
Maruti Suzuki Baleno,2018,Maruti,39709, Petrol ,754099
Mahindra Jeep Classic,2022,Mahindra,14, Diesel,563000
Mahindra Jeep Classic,2022,Mahindra,13, Diesel,438000
Mahindra Jeep Classic,2022,Mahindra,14, Diesel,439000
Mahindra Jeep Classic,2022,Mahindra,12, Diesel,439000
Mahindra Jeep Classic,2022,Mahindra,13, Diesel,432100
Mahindra Jeep Classic,2022,Mahindra,12, Diesel,439000
Mahindra Jeep Classic,2022,Mahindra,19, Diesel,399000
Mahindra Jeep Classic,2022,Mahindra,15, Diesel,399000
Maruti Suzuki Ertiga,2013,Maruti,48180, CNG,635000
Honda Brio VX,2012,Honda,55000, Petrol,325000
Ford Escort,2019,Ford,50000, Diesel,825000
Mitsubishi Pajero Sport,2014,Mitsubishi,96000, Diesel ,1100000
Mahindra Jeep Classic,2022,Mahindra,13, Diesel,391000
Maruti Suzuki Gypsy,2022,Maruti,13, Petrol,597000
Hyundai Elantra CRDi,2006,Hyundai,110000, Diesel,125000
Hyundai Verna FLUIDIC,2012,Hyundai,60050, Diesel,400000
Maruti Suzuki Ciaz,2021,Maruti,4536, Petrol ,1113599
Honda Amaze,2018,Honda,37535, Petrol ,769699
Maruti Suzuki Ignis,2018,Maruti,49409, Petrol ,493999
Tata Tiago,2020,Tata,33897, Petrol ,599799
Hyundai Elite i20,2016,Hyundai,45866, Petrol ,658999
Maruti Suzuki Swift,2019,Maruti,18303, Petrol ,678799
Renault Kwid,2018,Renault,31718, Petrol ,469099
Hyundai Elite i20,2020,Hyundai,43637, Petrol ,755499
Maruti Suzuki Ciaz,2015,Maruti,43000, Petrol,675000
Mahindra TUV300 T6,2016,Mahindra,85000, Diesel,625000
Mahindra TUV300 T6,2016,Mahindra,85000, Diesel,525000
Mahindra TUV300 T6,2016,Mahindra,85000, Diesel,611000
Chevrolet Beat LS,2010,Chevrolet,55000, Petrol,195000
Mahindra Quanto C8,2013,Mahindra,850003, Diesel,311000
Hyundai Verna Fluidic,2017,Hyundai,45000, Petrol,815000
Hyundai Verna Fluidic,2018,Hyundai,31700, Petrol,895000
Maruti Suzuki Wagon,2012,Maruti,62412, Petrol,270000
Hyundai Elite i20,2016,Hyundai,28654, Petrol ,673599
Hyundai Santro Sportz,2019,Hyundai,33492, Petrol ,476599
Maruti Suzuki Baleno,2017,Maruti,16398, Petrol ,631699
Maruti Suzuki Ciaz,2021,Maruti,9370, Petrol ,1068299
Tata Tiago,2018,Tata,68149, Petrol ,496599
Maruti Suzuki Celerio,2019,Maruti,16139, Petrol ,537999
Maruti Suzuki Baleno,2017,Maruti,55515, Petrol ,598099
Maruti Suzuki Wagon,2017,Maruti,15196, Petrol ,437499
Toyota Etios Liva,2013,Toyota,35860, Petrol ,362299
Maruti Suzuki Wagon,2016,Maruti,48301, Petrol ,460099
Maruti Suzuki Celerio,2019,Maruti,2989, Petrol ,525899
Maruti Suzuki Celerio,2019,Maruti,33636, Petrol + CNG ,491899
Maruti Suzuki Swift,2018,Maruti,58437, Diesel ,675699
Audi A3,2014,Audi,91557, Diesel ,1087799
Datsun Redi GO,2018,Datsun,71185, Petrol ,370999
Hyundai Santro,2019,Hyundai,12664, Petrol ,548999
Maruti Suzuki Dzire,2017,Maruti,41445, Petrol ,629399
Hyundai Santro Sportz,2020,Hyundai,20050, Petrol ,530599
Honda Brio,2017,Honda,41703, Petrol ,389399
Maruti Suzuki Baleno,2020,Maruti,29252, Petrol ,590899
Renault Kwid RxL,2019,Renault,20271, Petrol ,410299
Maruti Suzuki Wagon,2017,Maruti,40864, Petrol ,420399
Maruti Suzuki Celerio,2018,Maruti,46105, Petrol ,471399
Maruti Suzuki Ertiga,2015,Maruti,65180, Petrol ,558399
Hyundai Verna,2018,Hyundai,73815, Diesel ,967399
Ford Ecosport,2017,Ford,71257, Diesel ,645199
Honda WR V,2017,Honda,61085, Petrol ,633699
Hyundai Grand i10,2019,Hyundai,28506, Petrol ,583999
Maruti Suzuki Ciaz,2017,Maruti,83108, Diesel ,608199
Hyundai i10 Magna,2015,Hyundai,15181, Petrol ,376699
Maruti Suzuki Baleno,2019,Maruti,24589, Petrol ,628799
Hyundai Venue,2019,Hyundai,43170, Petrol ,1060299
Hyundai Grand i10,2017,Hyundai,79292, Petrol ,458949
Hyundai Venue,2021,Hyundai,15039, Petrol ,853899
Maruti Suzuki Baleno,2017,Maruti,57436, Petrol ,549799
Maruti Suzuki Alto,2021,Maruti,21587, Petrol + CNG ,499699
Volkswagen Polo,2015,Volkswagen,36351, Petrol ,608199
Maruti Suzuki Alto,2021,Maruti,15237, Petrol ,402399
Maruti Suzuki Celerio,2019,Maruti,78628, Petrol ,450699
Hyundai Elite i20,2014,Hyundai,73768, Petrol ,448499
Maruti Suzuki Baleno,2019,Maruti,31598, Petrol ,580199
Hyundai Grand i10,2017,Hyundai,9446, Petrol ,576699
Nissan Micra,2014,Nissan,63433, Diesel ,239299
Mahindra Scorpio,2018,Mahindra,56538, Diesel ,1004099
Hyundai Venue,2020,Hyundai,29939, Petrol ,897599
Ford Ecosport,2018,Ford,40364, Diesel ,789899
Renault Duster,2017,Renault,96138, Diesel ,624499
Maruti Suzuki Baleno,2016,Maruti,40215, Petrol ,509999
Hyundai Creta,2017,Hyundai,62084, Diesel ,1063499
Ford Figo Aspire,2019,Ford,11183, Petrol ,656499
Maruti Suzuki Ignis,2017,Maruti,95128, Petrol ,464299
Maruti Suzuki Baleno,2019,Maruti,12452, Petrol ,649999
Maruti Suzuki Alto,2010,Maruti,48001, Petrol ,170299
Kia Seltos,2019,Kia,24696, Diesel ,1244599
Renault Duster 85,2013,Renault,57401, Diesel ,383399
Hyundai Grand i10,2015,Hyundai,47146, Petrol ,406199
