Model,Year,Brand,Kms_driven,Price
Honda Activa 5G,2018,Honda,11500,15000 
Bajaj Dominar 400,2019,Bajaj,21863,155000 
Royal Enfield Classic 500,2018,Royal Enfield,39000,158000 
Royal Enfield Classic 500,2018,Royal Enfield,39000,150000 
TVS Ntorq 125,2020,TVS,5300,31500 
Hero Xpulse 200,2022,Hero,400,135000 
Harley Davidson Fat Boy,2015,Harley,12600,740000 
Royal Enfield Classic 350,2019,Royal Enfield,29800,120000 
Royal Enfield Bullet Electra,2013,Royal Enfield,53500,65000 
TVS Star Sport,2018,TVS,6840,34500 
TVS Apache RTR 200,2017,TVS,30000,61500 
Yamaha Enticer,2003,Yamaha,55000,30000 
TVS Apache RTR 180,2011,TVS,12000,47000 
Hero CBZ Xtreme,2010,Hero,50063,24000 
Suzuki Gixxer SF,2015,Suzuki,21000,39999 
Royal Enfield Classic 500,2016,Royal Enfield,15000,110000 
Royal Enfield Bullet 350,2022,Royal Enfield,5000,160000 
Yamaha Fazer,2011,Yamaha,40000,31000 
Yamaha YZF R15,2022,Yamaha,2100,190000 
TVS Apache RTR 160,2020,TVS,6000,100000 
Yamaha FZ16,2016,Yamaha,17650,50000 
Royal Enfield Bullet Electra,2017,Royal Enfield,13200,70000 
TVS Star City Plus,2021,TVS,25000,40000 
Hero Splendor Plus,2020,Hero,24680,63500 
Royal Enfield Bullet Electra,2005,Royal Enfield,30000,50000 
Royal Enfield Bullet Electra,2007,Royal Enfield,25000,50000 
Royal Enfield Thunderbird 350,2009,Royal Enfield,57000,40000 
Honda Livo,2022,Honda,220,95000 
Royal Enfield Bullet Electra,2008,Royal Enfield,23000,50000 
Bajaj Avenger,2013,Bajaj,13000,45000 
Hero Maestro Edge 125,2021,Hero,26800,55000 
KTM Duke 250,2021,KTM,11000,230000 
Honda Activa 4G,2018,Honda,1700,45000 
Bajaj Pulsar 150,2011,Bajaj,48500,25000 
Royal Enfield Classic 350,2017,Royal Enfield,45000,115000 
Yamaha YZF R15,2021,Yamaha,6500,170000 
Bajaj Discover 150 F,2015,Bajaj,55000,23000 
Bajaj Discover 125 DTS,2018,Bajaj,25000,35000 
Bajaj Pulsar 150,2013,Bajaj,57000,30000 
KTM Duke 250,2018,KTM,12614,175000 
KTM Duke 250,2017,KTM,12614,175000 
Royal Enfield Classic 350,2017,Royal Enfield,5000,110000 
Hero Maestro,2015,Hero,24000,35999 
Hero Splendor Plus,2020,Hero,49200,60000 
TVS Ntorq 125,2022,TVS,4200,80000 
Royal Enfield Classic Desert,2017,Royal Enfield,5500,160000 
Royal Enfield Classic 350,2015,Royal Enfield,26100,115000 
Mahindra Rodeo,2010,Mahindra,21000,18500 
Suzuki Gixxer SF,2020,Suzuki,7000,99000 
Suzuki Gixxer SF,2020,Suzuki,7000,99000 
Mahindra Rodeo,2010,Mahindra,21000,
Suzuki Access,2019,Suzuki,8200,60000 
Bajaj Pulsar 150,2019,Bajaj,60000,55000 
Bajaj Avenger Street 220,2016,Bajaj,25000,35000 
Royal Enfield Bullet Electra,2011,Royal Enfield,17000,70000 
Royal Enfield Continental GT,2021,Royal Enfield,15000,294999 
Royal Enfield Classic Desert,2017,Royal Enfield,5500,165000 
Royal Enfield Bullet Electra,2006,Royal Enfield,43000,40000 
Suzuki Intruder 150,2019,Suzuki,19000,75000 
Honda Grazia,2019,Honda,22000,60000 
Honda Activa,2020,Honda,21000,60000 
Royal Enfield Classic 350,2017,Royal Enfield,36500,115000 
Yamaha FZ S,2019,Yamaha,33000,85000 
Yamaha FZ S,2020,Yamaha,35000,90000 
Harley Davidson Fat Boy,2015,Harley,12600,740000 
Bajaj Pulsar 180 DTS,2010,Bajaj,6500,15000 
Bajaj Dominar 400,2018,Bajaj,17000,140000 
KTM 390 Duke ABS,2018,KTM,8000,195000 
LML Piaggio Vespa VX,2014,LML,16000,40000 
Yamaha SZ RR V,2018,Yamaha,38000,42000 
TVS Apache RTR 180,2014,TVS,29000,35000 
Bajaj Discover 125 ST,2013,Bajaj,80000,20500 
TVS Scooty Pep Plus,2022,TVS,300,65000 
Yamaha FZ 25,2018,Yamaha,29000,89000 
Royal Enfield Bullet 350,2021,Royal Enfield,5000,175000 
Yamaha SZ R,2011,Yamaha,70000,20000 
Bajaj Pulsar 135 LS,2022,Bajaj,3500,110000 
Bajaj Pulsar 135 LS,2022,Bajaj,3500,110000 
Royal Enfield Thunderbird 500,2015,Royal Enfield,14000,110000 
Hero Hunk,2008,Hero,51000,14000 
Hero Hunk,2008,Hero,51000,14000 
Bajaj Vikrant V15,2017,Bajaj,26000,33000 
Royal Enfield Thunderbird 500,2015,Royal Enfield,14000,110000 
TVS Ntorq 125,2022,TVS,2500,75000 
Yamaha FZ 25,2018,Yamaha,21000,90000 
Honda Activa 3G,2014,Honda,24000,25000 
TVS Apache RTR 200,2019,TVS,5000,95000 
Royal Enfield Bullet 350,2021,Royal Enfield,12000,165000 
Hero Maestro,2014,Hero,21000,28000 
Hero Destini 125,2020,Hero,8000,45000 
Royal Enfield Bullet 350,2015,Royal Enfield,25000,95000 
Yamaha FZ S,2015,Yamaha,28200,51500 
Hero Karizma ZMR,2012,Hero,63000,55000 
Yamaha Fascino,2017,Yamaha,44129,31500 
Royal Enfield Classic 350,2019,Royal Enfield,40000,149000 
Honda Grazia,2019,Honda,15000,62000 
Bajaj Avenger Street 220,2017,Bajaj,30000,60000 
Honda Dio,2014,Honda,55000,28000 
Royal Enfield Classic 500,2009,Royal Enfield,10250,75000 
TVS Apache RTR 160,2017,TVS,17000,60000 
Suzuki Gixxer SF 250,2020,Suzuki,1400,120000 
Suzuki Gixxer SF 250,2020,Suzuki,1400,120000 
Royal Enfield Classic 350,2015,Royal Enfield,241095,90000 
Royal Enfield Classic 350,2015,Royal Enfield,28000,105000 
Royal Enfield Classic 350,2015,Royal Enfield,28000,105000 
Royal Enfield Thunderbird 350,2019,Royal Enfield,23900,111000 
Harley Davidson Sportster Forty,2010,Harley,10500,395000 
Hero Pleasure,2015,Hero,2971,45000 
Hero Duet,2019,Hero,19000,35000 
Hero Maestro,2016,Hero,31858,24000 
Hero CBZ Xtreme,2013,Hero,47000,35000 
Hero Splendor iSmart,2015,Hero,15000,30000 
Bajaj Pulsar 150 DTS,2012,Bajaj,60000,25000 
Yamaha YZF R15,2017,Yamaha,40000,75000 
Yamaha YZF R15,2017,Yamaha,40000,75000 
Royal Enfield Classic 350,2020,Royal Enfield,7600,160000 
Royal Enfield Classic 350,2020,Royal Enfield,7600,160000 
Royal Enfield Thunderbird 350,2016,Royal Enfield,60000,120000 
KTM 390 Duke ABS,2015,KTM,32000,100000 
Bajaj Dominar 400,2017,Bajaj,25000,100000 
Royal Enfield Bullet Electra,2009,Royal Enfield,16652,48000 
Royal Enfield Bullet Electra,2009,Royal Enfield,16652,48000 
Honda Navi,2018,Honda,12000,30000 
Bajaj Pulsar 180,2011,Bajaj,45000,16000 
Bajaj Platina 100,2010,Bajaj,40000,35000 
TVS Star Sport,2011,TVS,22500,30000 
Bajaj Platina 100,2020,Bajaj,20000,55000 
YO Bikes Yo Smart,2022,YO Bikes,0,56000 
Bajaj Pulsar 150 DTS,2018,Bajaj,7015,60000 
Royal Enfield Classic 350,2017,Royal Enfield,30000,120000 
Suzuki Access 125 Disc,2012,Suzuki,23000,18000 
Royal Enfield Himalayan,2016,Royal Enfield,9200,115000 
Bajaj Pulsar 200 NS,2013,Bajaj,14000,65000 
Hero Xtreme 200R,2021,Hero,16000,99999 
Royal Enfield Classic 350,2014,Royal Enfield,75000,75000 
Bajaj Avenger,2018,Bajaj,27256,65000 
Bajaj Avenger,2017,Bajaj,18000,55000 
Hero Splendor iSmart,2015,Hero,12100,50000 
Bajaj Pulsar 200 NS,2014,Bajaj,19000,60000 
Honda Activa 4G,2018,Honda,5100,50000 
Bajaj Discover 100 T,2014,Bajaj,50000,21000 
TVS Apache RTR 200,2021,TVS,8000,125000 
Royal Enfield Bullet 350,2022,Royal Enfield,5000,165000 
Bajaj Discover 100 M,2014,Bajaj,39000,19500 
Hero Xtreme 200R,2019,Hero,2500,62000 
Hero Xtreme 200R,2019,Hero,14000,62000 
Hero Glamour,2010,Hero,50000,21000 
Royal Enfield Classic 350,2021,Royal Enfield,2500,210000 
Royal Enfield Classic 350,2021,Royal Enfield,2500,210000 
Bajaj Pulsar 150,2013,Bajaj,51000,32000 
Hero Hunk,2011,Hero,30000,25999 
Bajaj Discover 125,2013,Bajaj,6000,29999 
Royal Enfield Thunderbird 350,2014,Royal Enfield,20000,85000 
Bajaj Vikrant V15,2016,Bajaj,29500,29500 
Hero Splendor iSmart,2017,Hero,19000,35000 
Royal Enfield Classic 350,2017,Royal Enfield,19000,100000 
Royal Enfield Classic 350,2017,Royal Enfield,19000,100000 
Yamaha SZ R,2012,Yamaha,18500,
TVS Apache RTR 180,2014,TVS,36018,41000 
Yamaha Saluto,2016,Yamaha,18000,28000 
TVS Jupiter,2019,TVS,7000,59000 
Bajaj Pulsar 150,2017,Bajaj,31000,40000 
Royal Enfield Classic 350,2017,Royal Enfield,22000,130000 
Royal Enfield Classic 350,2018,Royal Enfield,8000,120000 
Royal Enfield Classic 350,2018,Royal Enfield,17709,160000 
Royal Enfield Classic 350,2019,Royal Enfield,3300,160000 
KTM RC 390,2020,KTM,7500,235000 
Hero Hunk,2013,Hero,17000,35000 
Royal Enfield Classic 350,2019,Royal Enfield,15000,180000 
Royal Enfield Classic 350,2019,Royal Enfield,15000,180000 
KTM RC 200,2015,KTM,1500,185000 
KTM RC 200,2015,KTM,1500,185000 
Yamaha FZ S,2014,Yamaha,20000,55000 
Honda Activa 3G,2016,Honda,73740,24500 
Jawa Original,2020,Jawa,5000,210000 
Yamaha SZ R,2012,Yamaha,24700,26000 
Yamaha YZF R15,2013,Yamaha,7500,68000 
Yamaha FZ 25,2018,Yamaha,22000,98000 
Yamaha FZ 25,2022,Yamaha,500,160000 
Jawa 42,2020,Jawa,5700,160000 
Royal Enfield Thunderbird 350,2011,Royal Enfield,20000,80000 
KTM RC 200,2017,KTM,11000,135000 
Bajaj Platina 100,2018,Bajaj,37000,45000 
Royal Enfield Thunderbird 350X,2019,Royal Enfield,6400,125000 
Royal Enfield Bullet 350,2016,Royal Enfield,23000,95000 
Royal Enfield Classic 350,2008,Royal Enfield,7500,100000 
Royal Enfield Classic 350,2008,Royal Enfield,7500,100000 
Bajaj Pulsar 200 NS,2017,Bajaj,46000,75000 
Bajaj Avenger Cruise 220,2020,Bajaj,5600,100000 
Bajaj Pulsar 135 LS,2016,Bajaj,19000,35000 
Hero Hunk,2010,Hero,35000,
Jawa 42,2020,Jawa,28088,115000 
Honda Activa 5G,2019,Honda,9165,55000 
Hero Passion X Pro,2019,Hero,15000,50000 
Hero Passion X Pro,2014,Hero,50900,27000 
Bajaj Dominar 400,2018,Bajaj,31000,110000 
Suzuki Gixxer SF,2015,Suzuki,21200,50000 
Suzuki Gixxer SF,2015,Suzuki,21200,50000 
Hero Duet,2017,Hero,3000,35000 
Honda CBR 250R,2014,Honda,30500,100000 
Honda CBR 250R,2014,Honda,30500,100000 
Royal Enfield Bullet 350,2014,Royal Enfield,38152,100000 
Bajaj Pulsar 150,2019,Bajaj,41000,50000 
Harley Davidson Street 750,2015,Harley,9000,399000 
Harley Davidson Street 750,2015,Harley,9000,399000 
Honda Aviator,2020,Honda,1600,68000 
Yamaha YZF R15,2018,Yamaha,38000,115000 
Honda Aviator,2020,Honda,1600,68000 
Bajaj Avenger,2009,Bajaj,2200,99999 
Honda Activa 3G,2014,Honda,25000,25000 
Bajaj Pulsar 150,2016,Bajaj,18000,60000 
Bajaj Pulsar 150,2016,Bajaj,18000,60000 
Honda Dream Neo,2014,Honda,21000,30000 
Hero Splendor Plus,2020,Hero,21000,65000 
Honda Dream Yuga,2013,Honda,57071,25000 
Bajaj Avenger Cruise 220,2017,Bajaj,19000,80000 
Bajaj Pulsar 180 DTS,2009,Bajaj,40000,17500 
TVS Jupiter,2019,TVS,9200,60000 
Bajaj Avenger,2009,Bajaj,25000,12000 
Bajaj Avenger,2009,Bajaj,25000,12000 
Royal Enfield Classic Squadron,2019,Royal Enfield,11000,135000 
Yamaha R1,2021,Yamaha,15000,
Harley Davidson Street 750,2015,Harley,4000,300000 
Honda Aviator,2010,Honda,17800,29000 
Hero Passion Pro,2019,Hero,20425,53000 
Royal Enfield Himalayan,2016,Royal Enfield,17000,120000 
Honda CB Shine,2018,Honda,20000,57999 
Royal Enfield Classic Desert,2022,Royal Enfield,500,221000 
TVS Apache RTR 160,2020,TVS,13451,70000 
Yamaha YZF R15,2014,Yamaha,36000,70000 
YO Bikes Yo Smart,2022,YO Bikes,9500,75000 
Yamaha SZ R,2012,Yamaha,16000,22000 
Royal Enfield Bullet Electra,2008,Royal Enfield,60000,60000 
TVS Star Sport,2012,TVS,22580,20000 
Royal Enfield Bullet 500,2018,Royal Enfield,17955,130000 
TVS Scooty Pep Plus,2022,TVS,300,65000 
Royal Enfield Classic 500,2016,Royal Enfield,14000,148000 
TVS Jupiter,2019,TVS,37000,45000 
Mahindra Centuro,2013,Mahindra,24600,25000 
Mahindra Centuro,2013,Mahindra,24600,25000 
Ather Energy Ather 450,2022,Ather,0,50000 
BMW F650,2020,BMW,1600,275000 
Royal Enfield Bullet Electra,2018,Royal Enfield,16700,105000 
TVS Apache RTR 180,2011,TVS,46095,23000 
TVS Apache RTR 180,2011,TVS,46095,23000 
TVS Apache RTR 160,2020,TVS,15608,110000 
Bajaj Pulsar 150 DTS,2012,Bajaj,36619,40000 
Royal Enfield Bullet Electra,2011,Royal Enfield,29900,60000 
Honda Activa,2022,Honda,750,80000 
Yamaha FZ S,2015,Yamaha,32000,43000 
Royal Enfield Bullet Electra,2018,Royal Enfield,10000,100000 
Hero Passion Pro,2021,Hero,3700,65000 
Honda Activa 3G,2016,Honda,30000,30000 
Royal Enfield Bullet Electra,2018,Royal Enfield,10000,100000 
Bajaj Dominar 400,2018,Bajaj,5200,130000 
Bajaj Discover 100 T,2018,Bajaj,29000,50000 
Bajaj Discover 100 T,2018,Bajaj,27800,50000 
Hero HF Deluxe,2021,Hero,160000,50000 
Bajaj CT 100,2016,Bajaj,30000,30000 
Jawa 42,2021,Jawa,2100,210000 
Suzuki Burgman Street,2019,Suzuki,32000,65000 
Honda CBR 250R,2016,Honda,22000,85000 
Bajaj Chetak,2001,Bajaj,50000,7000 
Bajaj Pulsar 200 RS,2016,Bajaj,24000,65000 
TVS Apache RTR 160,2022,TVS,20000,95000 
Bajaj Vikrant V15,2016,Bajaj,30000,40000 
TVS Apache RTR 180,2014,TVS,42000,
Royal Enfield Classic 350,2015,Royal Enfield,21000,90000 
Yezdi Classic,2022,Yezdi,2900,249500 
Yamaha FZ S,2015,Yamaha,63000,55000 
Bajaj Pulsar 150,2018,Bajaj,10000,79999 
Yamaha FZ 6,2021,Yamaha,4200,120000 
Yamaha FZ 6,2021,Yamaha,4200,120000 
KTM RC 200,2016,KTM,9500,120000 
Bajaj Avenger,2016,Bajaj,25000,45000 
Bajaj Avenger,2016,Bajaj,25000,45000 
Royal Enfield Classic 350,2013,Royal Enfield,16000,85000 
Suzuki Access 125 Disc,2021,Suzuki,35000,75000 
Hero Destini 125,2022,Hero,2900,65000 
Hero Destini 125,2022,Hero,2900,65000 
Bajaj Pulsar 200 NS,2013,Bajaj,27500,43000 
LML Piaggio Vespa,2014,LML,70000,25000 
Royal Enfield Classic 500,2018,Royal Enfield,39300,161000 
Yamaha FZ S,2017,Yamaha,22000,52000 
Royal Enfield Classic 350,2019,Royal Enfield,35000,140000 
Indian Chief Classic,2021,Indian,500,50000 
Royal Enfield Bullet 350,2015,Royal Enfield,25000,100000 
Royal Enfield Bullet 350,2015,Royal Enfield,25000,100000 
Yamaha YZF R15,2019,Yamaha,15775,139600 
TVS Apache RTR 200,2017,TVS,29000,72000 
Bajaj Vikrant V15,2016,Bajaj,40000,35000 
Honda CB Unicorn Dazzler,2011,Honda,32000,28000 
TVS Ntorq 125,2019,TVS,15000,50000 
Honda Livo,2016,Honda,70000,40000 
Royal Enfield Himalayan,2022,Royal Enfield,1450,215000 
Hero Pleasure,2015,Hero,13000,35000 
Bajaj Avenger Street 150,2016,Bajaj,24300,44000 
Royal Enfield Thunderbird 350X,2018,Royal Enfield,4000,145000 
Honda Activa,2021,Honda,7300,75000 
Bajaj Avenger Street 160,2019,Bajaj,6400,80000 
Bajaj Pulsar 150 DTS,2018,Bajaj,49000,85000 
Bajaj Pulsar 150,2018,Bajaj,13500,65000 
Bajaj Pulsar 125,2022,Bajaj,7500,80000 
Bajaj Pulsar 125,2022,Bajaj,7500,80000 
Royal Enfield Interceptor 650,2019,Royal Enfield,16750,210000 
Royal Enfield Interceptor 650,2021,Royal Enfield,3000,321000 
Royal Enfield Interceptor 650,2021,Royal Enfield,3000,321000 
Royal Enfield Classic 350,2021,Royal Enfield,2722,190000 
TVS Wego,2014,TVS,4000,35000 
Mahindra Centuro,2013,Mahindra,40000,22500 
Mahindra Centuro,2014,Mahindra,75750,23000 
Royal Enfield Classic 350,2018,Royal Enfield,29000,129000 
Bajaj Pulsar 200 RS,2020,Bajaj,8888,145000 
TVS Apache RTR 160,2018,TVS,13500,70000 
Yamaha FZ1,2018,Yamaha,24500,70000 
Yamaha FZ1,2018,Yamaha,24500,70000 
Royal Enfield Bullet 350,2011,Royal Enfield,33230,70000 
TVS Apache RTR 160,2021,TVS,9982,120000 
Yamaha SZ RR,2014,Yamaha,35000,38000 
Royal Enfield Thunderbird 350,2011,Royal Enfield,34000,60000 
Hero Maestro,2015,Hero,20000,35000 
Hero CBZ Xtreme,2015,Hero,64000,33000 
TVS Apache RTR 200,2020,TVS,7200,120000 
Royal Enfield Classic 500,2012,Royal Enfield,12500,160000 
Suzuki Access,2019,Suzuki,14532,50000 
Bajaj Discover 150 S,2015,Bajaj,50000,30000 
Yamaha FZ S,2016,Yamaha,24561,60000 
Yamaha FZ16,2014,Yamaha,50000,40000 
Royal Enfield Classic 350,2012,Royal Enfield,50000,85000 
Royal Enfield Thunderbird 350,2013,Royal Enfield,18000,75000 
TVS Ntorq 125,2021,TVS,2000,90000 
TVS Ntorq 125,2021,TVS,2000,90000 
Royal Enfield Bullet Electra,2010,Royal Enfield,62000,80000 
Hero Super Splendor,2022,Hero,833,88000 
Suzuki Access,2019,Suzuki,14532,50000 
Hero Ignitor,2012,Hero,66000,22000 
Royal Enfield Interceptor 650,2019,Royal Enfield,14500,260000 
Yamaha YZF R15,2015,Yamaha,24900,70000 
Aprilia SR 150,2017,Aprilia,24000,55000 
Yamaha YZF R15,2017,Yamaha,24000,85000 
Suzuki Intruder 150,2018,Suzuki,22000,70000 
KTM RC 200,2015,KTM,13000,130000 
Yamaha YZF R15,2020,Yamaha,7000,130000 
Royal Enfield Bullet Electra,2017,Royal Enfield,22000,110000 
Royal Enfield Bullet Electra,2008,Royal Enfield,75000,75000 
Hero Xpulse 200,2020,Hero,7500,120000 
Royal Enfield Classic 350,2017,Royal Enfield,10000,120000 
Honda Activa 125,2020,Honda,21000,60000 
Suzuki Heat,2006,Suzuki,29500,16000 
Royal Enfield Desert Storm,2015,Royal Enfield,2083,140000 
Yamaha YZF R15,2019,Yamaha,13680,130000 
Bajaj Avenger,2013,Bajaj,77774,21000 
KTM RC 390,2018,KTM,8832,180000 
TVS Victor,2018,TVS,38624,28000 
Bajaj Avenger Cruise 220,2017,Bajaj,14000,52000 
Bajaj Avenger Cruise 220,2017,Bajaj,14000,52000 
Honda CBR 250R,2015,Honda,11000,250000 
Royal Enfield Thunderbird 350,2013,Royal Enfield,34000,85000 
Suzuki Access 125 Disc,2018,Suzuki,20000,38000 
Hero Passion Pro,2022,Hero,50,75000 
TVS Ntorq 125,2021,TVS,12000,92000 
Royal Enfield Classic 350,2018,Royal Enfield,30000,140000 
Royal Enfield Bullet Electra,2004,Royal Enfield,18760,55000 
Royal Enfield Bullet Electra,2004,Royal Enfield,18760,55000 
Hero Splendor iSmart,2018,Hero,22259,50000 
Bajaj Avenger,2014,Bajaj,11580,62000 
Honda CB Hornet,2017,Honda,17800,80000 
Hero Karizma,2014,Hero,19000,60000 
Honda Activa 4G,2017,Honda,12684,42000 
Royal Enfield Bullet 350,2021,Royal Enfield,5000,200000 
Royal Enfield Classic 350,2020,Royal Enfield,2300,190000 
Royal Enfield Classic 350,2020,Royal Enfield,12200,180000 
TVS Apache RTR 160,2019,TVS,1276,92000 
TVS Apache RTR 160,2019,TVS,1276,92000 
TVS Jupiter,2020,TVS,12000,61000 
TVS Jupiter,2020,TVS,12000,61000 
Royal Enfield Bullet Electra,2016,Royal Enfield,15300,100000 
Suzuki Gixxer SF 250,2020,Suzuki,8000,158000 
Royal Enfield Classic 350,2021,Royal Enfield,3500,200000 
Royal Enfield Bullet Electra,2006,Royal Enfield,10000,45000 
Hero Ignitor,2012,Hero,40000,20000 
TVS Jupiter,2018,TVS,29600,45000 
Royal Enfield Classic 350,2014,Royal Enfield,100000,100000 
Bajaj Platina 125,2022,Bajaj,1100,70000 
Royal Enfield Bullet 500,2016,Royal Enfield,1100,150000 
Hero Passion X Pro,2016,Hero,25000,36500 
Hero Maestro,2016,Hero,32000,20000 
Hero Super Splendor,2021,Hero,25000,65000 
TVS Apache RTR 160,2020,TVS,22000,90000 
KTM RC 125,2020,KTM,11000,175000 
Royal Enfield Classic 350,2017,Royal Enfield,10000,100000 
Royal Enfield Classic 350,2017,Royal Enfield,10000,110000 
Honda Activa 4G,2017,Honda,6000,40000 
Honda Activa,2017,Honda,45000,49999 
Hero Xpulse 200T,2021,Hero,2000,115000 
Royal Enfield Bullet Electra,2017,Royal Enfield,38000,85000 
Jawa Original,2020,Jawa,6200,170000 
Yamaha YZF R15,2022,Yamaha,4500,160000 
Hero Achiever,2017,Hero,26420,40000 
Honda Livo,2019,Honda,10000,50000 
Hero Passion X Pro,2015,Hero,45000,30000 
Honda CB Shine,2018,Honda,25760,60000 
Yamaha FZ S,2011,Yamaha,28000,38000 
Yamaha FZ S,2015,Yamaha,35000,40000 
Bajaj Pulsar 180 DTS,2011,Bajaj,16000,36000 
Hero CBZ Xtreme,2012,Hero,39000,30000 
Honda Activa 5G,2019,Honda,24000,52000 
Mahindra Gusto,2015,Mahindra,38000,25000 
Hero Glamour,2020,Hero,23000,60000 
KTM Duke 200,2018,KTM,33586,105000 
Hero Passion X Pro,2019,Hero,19500,60000 
Bajaj Avenger Street 150,2016,Bajaj,24000,45000 
Royal Enfield Classic Desert,2016,Royal Enfield,36000,128000 
Honda CB Unicorn 160,2008,Honda,49,20000 
TVS Apache RTR 160,2019,TVS,12000,69000 
Hero Splendor Pro,2015,Hero,100000,35000 
Jawa Original,2020,Jawa,1800,170000 
UM Renegade Commando,2017,UM,3428,90000 
Hero Passion X Pro,2018,Hero,39000,44000 
Yamaha YZF R15,2021,Yamaha,6804,180000 
KTM 390 Duke ABS,2020,KTM,24500,220000 
Royal Enfield Bullet Electra,2009,Royal Enfield,55000,82000 
Royal Enfield Bullet Electra,2008,Royal Enfield,32209,62000 
KTM 390 Duke ABS,2020,KTM,21000,230000 
Royal Enfield Thunderbird 350,2017,Royal Enfield,16070,95000 
Hero Maestro,2016,Hero,32000,32000 
TVS Ntorq 125,2019,TVS,34000,75000 
Hyosung Aquila pro 650,2017,Hyosung,8000,320000 
Yamaha Ray,2016,Yamaha,12000,55000 
TVS Star City Plus,2016,TVS,43000,30000 
Bajaj Avenger Street 160,2019,Bajaj,17840,72000 
Yamaha FZ1,2010,Yamaha,17000,17500 
Royal Enfield Continental GT,2014,Royal Enfield,13000,155000 
Bajaj Discover 150,2015,Bajaj,20700,29500 
Honda CB Trigger,2013,Honda,18000,38000 
Royal Enfield Thunderbird 350,2010,Royal Enfield,40000,50000 
Bajaj Discover 125 ST,2013,Bajaj,35000,35000 
Bajaj Pulsar 180 DTS,2015,Bajaj,20000,50000 
TVS Apache RTR 180,2014,TVS,11000,50000 
Honda Activa 3G,2016,Honda,31400,37500 
TVS Star City Plus,2015,TVS,61000,28000 
Hero Glamour,2014,Hero,51500,30000 
Yamaha FZ S,2015,Yamaha,28000,40000 
TVS Jupiter,2022,TVS,3500,73000 
TVS Jupiter,2022,TVS,3500,72000 
Harley Davidson Sportster Forty,2020,Harley,2600,850000 
Hero Splendor Plus,2021,Hero,9000,65000 
Suzuki Access,2011,Suzuki,35000,22000 
Yamaha Crux S,2020,Yamaha,14000,160000 
Yamaha SZ RR,2015,Yamaha,32000,28000 
Hero Splendor NXG,2009,Hero,33000,21000 
Yamaha YZF R15,2019,Yamaha,18563,110000 
Hero Passion Pro,2013,Hero,38000,28000 
Yamaha FZ S,2021,Yamaha,16000,95000 
BMW S 1000 R,2019,BMW,20000,
Aprilia SR 150,2018,Aprilia,2300,90000 
Bajaj Discover 100,2013,Bajaj,30000,25000 
Honda CB Shine,2020,Honda,25000,52000 
TVS Apache RTR 160,2019,TVS,7000,80000 
TVS Apache RTR 160,2019,TVS,10000,70000 
Jawa 42,2020,Jawa,14000,129999 
Royal Enfield Classic Desert,2017,Royal Enfield,16000,160000 
Bajaj Avenger Street 150,2017,Bajaj,10800,55000 
Bajaj Avenger Cruise 220,2015,Bajaj,13000,45000 
Bajaj Avenger Cruise 220,2013,Bajaj,55000,40000 
Bajaj Pulsar 200 NS,2012,Bajaj,16000,60000 
Bajaj Pulsar 200 NS,2012,Bajaj,16000,55000 
TVS Star Sport,2020,TVS,30000,45000 
KTM 390 Duke ABS,2018,KTM,7300,170000 
Jawa 42,2020,Jawa,3550,175000 
TVS Apache RTR 200,2016,TVS,26500,65000 
Bajaj Pulsar 200 RS,2016,Bajaj,16000,90000 
Bajaj Pulsar 200 RS,2016,Bajaj,16000,90000 
Royal Enfield Classic 500,2016,Royal Enfield,14000,158000 
TVS Apache RTR 160,2018,TVS,18000,95000 
KTM RC 390,2020,KTM,6500,275000 
Royal Enfield Classic 350,2016,Royal Enfield,20000,120000 
TVS Apache RTR 200,2018,TVS,11000,65000 
TVS Apache RTR 160,2019,TVS,33000,100000 
Royal Enfield Classic 500,2014,Royal Enfield,28000,100000 
Aprilia SRV 850 ABS,2022,Aprilia,0,68000 
Honda Aviator,2011,Honda,45000,20000 
TVS Apache RTR 160,2014,TVS,43000,50000 
Bajaj 4S Champion,2019,Bajaj,5000,50000 
Hero Karizma ZMR,2014,Hero,4300,50000 
Suzuki Gixxer,2016,Suzuki,25730,44000 
Yamaha YZF R15,2022,Yamaha,3000,190000 
Royal Enfield Bullet 350,2022,Royal Enfield,900,175000 
Royal Enfield Himalayan,2016,Royal Enfield,19000,110000 
Bajaj Pulsar 135 LS,2014,Bajaj,75000,30000 
Royal Enfield Classic 350,2014,Royal Enfield,35000,100000 
Honda Activa 125,2021,Honda,15000,70000 
Bajaj Avenger Cruise 220,2016,Bajaj,55000,68000 
Bajaj Avenger Cruise 220,2016,Bajaj,55000,68000 
Royal Enfield Thunderbird 350X,2018,Royal Enfield,24768,130000 
Suzuki Gixxer SF,2017,Suzuki,66000,55000 
TVS Apache RTR 160,2018,TVS,15000,75000 
Honda Dio,2018,Honda,2100,60000 
Honda Dio,2018,Honda,2100,60000 
Suzuki Burgman Street,2019,Suzuki,5566,65000 
YO Bikes Yo Smart,2022,YO Bikes,220,65000 
Royal Enfield Bullet 350,2019,Royal Enfield,6000,175000 
Bajaj CT 100,2021,Bajaj,20301,60000 
Honda Activa 125,2020,Honda,10000,60000 
Bajaj Discover 150,2015,Bajaj,45000,25000 
Royal Enfield Bullet 350,2009,Royal Enfield,40000,80000 
Bajaj Avenger Cruise 220,2017,Bajaj,15000,59000 
Honda Activa 3G,2015,Honda,29500,35000 
Hero Xpulse 200,2020,Hero,7500,115000 
Yamaha FZ S,2021,Yamaha,8240,130000 
KTM Duke 125,2019,KTM,18000,115000 
Bajaj XCD 135,2009,Bajaj,20500,27000 
Hero Destini 125,2019,Hero,25000,45000 
Hero Super Splendor,2018,Hero,35600,45000 
TVS Jupiter,2019,TVS,8000,65000 
Royal Enfield Bullet Electra,2008,Royal Enfield,51000,60000 
Honda CBR 250R,2014,Honda,6441,110999 
Royal Enfield Classic 350,2016,Royal Enfield,13000,135000 
Hero CBZ Xtreme,2013,Hero,40000,30000 
TVS Jupiter,2021,TVS,20000,60000 
Bajaj Avenger Street 220,2017,Bajaj,20000,51000 
Suzuki Gixxer SF 250,2019,Suzuki,3950,135000 
KTM RC 390,2020,KTM,6500,275000 
Hero Achiever,2012,Hero,8,20000 
Royal Enfield Himalayan,2019,Royal Enfield,3705,160000 
Honda CBR 150R,2013,Honda,25000,45000 
TVS Jupiter,2019,TVS,12000,60000 
Royal Enfield Bullet 350,2018,Royal Enfield,12000,140000 
Bajaj Pulsar 150,2018,Bajaj,14000,62500 
TVS Apache RTR 200,2018,TVS,14000,88000 
TVS Radeon,2020,TVS,10000,58000 
Bajaj Avenger Street 220,2017,Bajaj,20000,58000 
Bajaj Avenger Cruise 220,2018,Bajaj,1000,80000 
TVS Ntorq 125,2020,TVS,1219,92000 
Bajaj Pulsar 150,2014,Bajaj,12000,40000 
Honda Aviator,2012,Honda,30000,24500 
Bajaj Discover 100 T,2013,Bajaj,74,24000 
Jawa 42,2019,Jawa,3991,160000 
Jawa 42,2019,Jawa,3991,160000 
Royal Enfield Interceptor 650,2019,Royal Enfield,4400,265000 
Hero Passion Pro,2020,Hero,27500,70500 
Royal Enfield Thunderbird 350,2014,Royal Enfield,28000,89000 
Hero Maestro,2018,Hero,27135,47000 
Jawa 42,2021,Jawa,1809,185000 
Hero Maestro Edge 125,2018,Hero,27135,47000 
Yamaha SZ R,2011,Yamaha,26400,21300 
Hero Ignitor,2014,Hero,31000,23000 
Yamaha SZ RR V,2017,Yamaha,14750,55000 
Bajaj Pulsar 150,2010,Bajaj,60000,35000 
Yezdi Road King,1995,Yezdi,25000,210000 
Honda Activa 4G,2016,Honda,10000,45000 
Royal Enfield Bullet Electra,2015,Royal Enfield,18000,92000 
Hero Xtreme 200R,2014,Hero,37570,33500 
Royal Enfield Classic 500,2014,Royal Enfield,25000,105000 
Honda CB Shine,2014,Honda,48180,29000 
TVS Jupiter,2018,TVS,33500,39999 
Royal Enfield Classic 500,2014,Royal Enfield,30000,90000 
Honda CB Hornet,2020,Honda,7500,95000 
Bajaj Vikrant V15,2017,Bajaj,44500,45000 
Bajaj Avenger Street 150,2017,Bajaj,59000,50000 
Yamaha Fazer FIV 2,2015,Yamaha,59000,40000 
Royal Enfield Classic 500,2016,Royal Enfield,6925,200000 
Hero CBZ Xtreme,2011,Hero,60000,27000 
TVS Jupiter,2016,TVS,18000,40000 
Honda Activa 3G,2015,Honda,14000,40000 
Royal Enfield Bullet 350,2021,Royal Enfield,1900,180000 
TVS Victor,2018,TVS,11000,45000 
Bajaj Discover 125,2012,Bajaj,21000,25000 
Yamaha YZF R15,2021,Yamaha,3345,150000 
TVS Ntorq 125,2020,TVS,13000,75000 
Yamaha Alpha,2014,Yamaha,21000,30000 
Yamaha Alpha,2018,Yamaha,21000,35000 
Yamaha Fazer FIV 2,2015,Yamaha,35000,45000 
Bajaj Pulsar 150,2009,Bajaj,88799,15000 
Bajaj Pulsar NS160,2020,Bajaj,18000,90000 
Bajaj Pulsar 150 DTS,2008,Bajaj,54807,18000 
Hero Passion Pro,2019,Hero,15000,70000 
Honda Activa i,2011,Honda,40000,20000 
Royal Enfield Bullet 350,2021,Royal Enfield,3500,150000 
Royal Enfield Bullet 350,2017,Royal Enfield,10852,115000 
Royal Enfield Classic 350,2013,Royal Enfield,30000,100000 
Yamaha FZ S,2012,Yamaha,35000,28000 
Honda CB Trigger,2014,Honda,25000,29999 
Hyosung GT250R,2016,Hyosung,5000,200000 
Honda CBR 250R,2011,Honda,7000,250000 
Royal Enfield Classic Desert,2015,Royal Enfield,29000,95000 
TVS Ntorq 125,2022,TVS,2600,95000 
Bajaj Pulsar 135 LS,2017,Bajaj,85000,35000 
Royal Enfield Bullet 350,2017,Royal Enfield,11000,120000 
Royal Enfield Bullet 350,2018,Royal Enfield,15000,140000 
Royal Enfield Bullet 350,2021,Royal Enfield,350,240000 
Royal Enfield Thunderbird 350X,2012,Royal Enfield,14500,65000 
Yamaha FZ S,2013,Yamaha,58677,40000 
Bajaj Discover 100 T,2012,Bajaj,21000,22000 
Bajaj Pulsar 150,2012,Bajaj,45800,30000 
TVS Ntorq 125,2022,TVS,2800,82000 
Honda Aviator,2019,Honda,28245,47000 
Honda Aviator,2019,Honda,28245,47000 
Yamaha FZ16,2010,Yamaha,30500,40000 
Yamaha YZF R15,2021,Yamaha,8000,150000 
Bajaj 4S Champion,2011,Bajaj,67999,12500 
Jawa Original,2020,Jawa,1617,
Royal Enfield Desert Storm,2019,Royal Enfield,45500,160000 
Bajaj Pulsar 150,2013,Bajaj,50000,24000 
Bajaj Pulsar 150,2013,Bajaj,50000,24000 
TVS Apache RTR 160,2021,TVS,3500,105000 
Royal Enfield Classic 350,2013,Royal Enfield,16080,110000 
TVS Star Sport,2011,TVS,45000,20000 
Royal Enfield Himalayan,2021,Royal Enfield,4900,215000 
TVS Apache RTR 160,2020,TVS,30000,95000 
KTM Duke 390,2017,KTM,51000,170000 
Royal Enfield Bullet Electra,2005,Royal Enfield,95000,35000 
Yamaha FZ S,2021,Yamaha,24000,85000 
Ather Energy Ather 450X,2022,Ather,3000,150000 
Ather Energy Ather 450,2022,Ather,3000,150000 
Royal Enfield Bullet Electra,2005,Royal Enfield,95000,50000 
Royal Enfield Classic 350,2020,Royal Enfield,25000,180000 
Honda Aviator,2014,Honda,18000,28000 
Yamaha FZ 6,2021,Yamaha,9000,100000 
Suzuki Intruder 150,2018,Suzuki,18000,55000 
Honda Activa 3G,2015,Honda,35640,43000 
Hero Hunk,2009,Hero,37000,20000 
Bajaj Pulsar 150 DTS,2005,Bajaj,40000,10000 
Yamaha FZ S,2019,Yamaha,36000,75000 
Royal Enfield Bullet Electra,2016,Royal Enfield,17000,100000 
Bajaj Pulsar 150,2019,Bajaj,25500,60000 
Hero Splendor Plus,2021,Hero,5600,75000 
Royal Enfield Thunderbird 350X,2018,Royal Enfield,25000,125000 
Royal Enfield Classic 350,2020,Royal Enfield,16000,175000 
Royal Enfield Classic 350,2015,Royal Enfield,20250,120000 
Royal Enfield Classic 350,2015,Royal Enfield,20250,120000 
Royal Enfield Himalayan,2018,Royal Enfield,15000,150000 
LML Piaggio Vespa,2020,LML,9000,81000 
Bajaj Pulsar 200 NS,2014,Bajaj,34800,80000 
Royal Enfield Classic 350,2018,Royal Enfield,22200,131000 
TVS Apache RTR 160,2017,TVS,88000,48000 
Royal Enfield Thunderbird 350X,2018,Royal Enfield,12000,145000 
Bajaj Avenger Street 220,2014,Bajaj,58000,35000 
Bajaj CT 100,2021,Bajaj,14200,55000 
Bajaj Avenger Cruise 220,2016,Bajaj,20000,60000 
Yamaha Saluto,2019,Yamaha,16500,48000 
Bajaj Pulsar 150 DTS,2017,Bajaj,10670,55000 
Royal Enfield Interceptor 650,2020,Royal Enfield,5500,299999 
TVS Apache RTR 180,2018,TVS,7000,90000 
Mahindra Gusto,2018,Mahindra,3610,47000 
TVS Star Sport,2014,TVS,17300,30000 
Honda Xblade,2019,Honda,20000,65000 
Royal Enfield Classic 350,2017,Royal Enfield,2500,125000 
Yamaha FZ S,2011,Yamaha,43000,30000 
KTM Duke 200,2016,KTM,10000,120000 
Bajaj Dominar 400,2018,Bajaj,24000,115000 
Royal Enfield Bullet 350,2020,Royal Enfield,8018,150000 
Benelli TNT 25,2020,Benelli,6000,150000 
Yamaha FZ S,2017,Yamaha,22000,65000 
Bajaj Dominar 400,2018,Bajaj,23700,135000 
Royal Enfield Bullet 350,2020,Royal Enfield,7071,150000 
Hero HF Deluxe,1999,Hero,3,30000 
Hero HF Deluxe,2019,Hero,20334,47000 
Hero Passion Pro,2018,Hero,40,45000 
KTM RC 390,2020,KTM,6500,275000 
Suzuki Gixxer,2021,Suzuki,2000,140000 
Honda Activa 3G,2015,Honda,29493,35000 
Bajaj Pulsar 200 NS,2019,Bajaj,5500,118000 
Hero Maestro Edge 125,2018,Hero,21500,45000 
Honda Xblade,2019,Honda,20000,69900 
Kawasaki Ninja 650,2018,Kawasaki,28000,380000 
Royal Enfield Bullet 350,1995,Royal Enfield,30000,55000 
TVS Jupiter,2022,TVS,6000,75000 
Hero Passion Pro,2021,Hero,16000,70000 
Yamaha FZ S,2022,Yamaha,900,135000 
Royal Enfield Bullet Electra,2017,Royal Enfield,14800,92000 
Royal Enfield Thunderbird 350,2009,Royal Enfield,30000,72000 
Bajaj Avenger,2016,Bajaj,14000,52000 
Hero Maestro,2019,Hero,30000,35000 
Royal Enfield Bullet Electra,2017,Royal Enfield,38000,79000 
Jawa Original,2020,Jawa,1000,185000 
Yamaha FZ S,2014,Yamaha,31500,40000 
Hero Maestro,2014,Hero,52000,36000 
Bajaj Pulsar 200 NS,2013,Bajaj,40000,60000 
Yamaha Fascino,2020,Yamaha,12430,45000 
Royal Enfield Classic 350,2020,Royal Enfield,1700,185000 
Royal Enfield Classic 500,2018,Royal Enfield,13400,155000 
Mahindra Centuro,2014,Mahindra,23000,35000 
TVS Jupiter,2021,TVS,3800,70000 
Bajaj Avenger,2014,Bajaj,65000,40000 
Bajaj Pulsar NS160,2017,Bajaj,32000,60000 
Royal Enfield Thunderbird 350,2018,Royal Enfield,8000,170000 
Bajaj Avenger Street 220,2018,Bajaj,30000,65000 
Bajaj Pulsar 150,2009,Bajaj,25000,15000 
Royal Enfield Classic 350,2019,Royal Enfield,11000,160000 
Royal Enfield Classic 350,2019,Royal Enfield,12000,166000 
LML Piaggio Vespa,2013,LML,8000,32000 
TVS Apache RTR 160,2019,TVS,19600,73000 
Yamaha FZ S,2013,Yamaha,6000,32000 
Yamaha FZ S,2013,Yamaha,6000,32000 
LML Piaggio Star Euro,2015,LML,15908,185000 
KTM RC 390,2020,KTM,1590,310000 
Royal Enfield Bullet Electra,2009,Royal Enfield,85000,70000 
Yamaha FZ S,2016,Yamaha,40000,42000 
Yamaha FZ S,2016,Yamaha,40000,42000 
Aprilia SR 150,2020,Aprilia,15000,79000 
Honda Activa 4G,2017,Honda,36500,38500 
TVS Apache RTR 200,2019,TVS,12900,98000 
KTM 390 Duke ABS,2021,KTM,3500,275000 
Yamaha FZ S,2012,Yamaha,28500,26000 
KTM RC 200,2021,KTM,5055,195000 
Bajaj Vikrant V15,2016,Bajaj,10200,32000 
Bajaj Vikrant V15,2016,Bajaj,10200,32000 
TVS Apache RTR 160,2010,TVS,10000,27000 
Royal Enfield Bullet Electra,2017,Royal Enfield,11000,110000 
TVS Apache RTR 200,2019,TVS,10000,100000 
Royal Enfield Bullet Electra,2015,Royal Enfield,16500,91000 
Royal Enfield Classic 350,2018,Royal Enfield,30000,140000 
Royal Enfield Classic 350,2018,Royal Enfield,30000,140000 
Hero Splendor Pro,2015,Hero,77000,40000 
Bajaj Pulsar 180,2013,Bajaj,48500,20000 
Bajaj Vikrant V15,2017,Bajaj,30,45000 
LML Piaggio Vespa,2021,LML,3000,100000 
Bajaj Pulsar 220 F,2019,Bajaj,33000,80000 
TVS Apache RTR 160,2017,TVS,51000,55000 
Hero Xpulse 200,2021,Hero,11000,115000 
TVS Apache RTR 160,2019,TVS,40000,70000 
TVS Apache RTR 160,2019,TVS,40000,70000 
Royal Enfield Classic 350,2018,Royal Enfield,29800,120000 
TVS Apache RTR 200,2019,TVS,32500,95000 
Bajaj Avenger Cruise 220,2017,Bajaj,19081,62000 
LML Piaggio Vespa,2013,LML,20000,35000 
Yamaha RZ 350,2014,Yamaha,20000,210000 
Royal Enfield Classic 350,2015,Royal Enfield,5000,130000 
Royal Enfield Classic 350,2015,Royal Enfield,6000,140000 
Bajaj Pulsar 150,2017,Bajaj,12500,55000 
Bajaj Pulsar 150 DTS,2017,Bajaj,21000,35000 
Royal Enfield Bullet 350,2013,Royal Enfield,21000,95000 
Honda Activa i,2014,Honda,10000,30000 
Suzuki Intruder 150,2018,Suzuki,25000,60000 
Bajaj Pulsar 150,2011,Bajaj,25000,30000 
Yamaha FZ S,2022,Yamaha,2000,145000 
Royal Enfield Bullet Electra,2009,Royal Enfield,21000,50000 
Royal Enfield Bullet 350,2021,Royal Enfield,3000,210000 
Yamaha YZF R15,2021,Yamaha,1145,160000 
Honda CB Shine,2018,Honda,20000,45000 
Bajaj Pulsar 135 LS,2015,Bajaj,14000,35000 
Jawa 42,2021,Jawa,20500,180000 
Jawa 42,2021,Jawa,20500,180000 
Royal Enfield Classic 500,2019,Royal Enfield,12300,160000 
Royal Enfield Bullet Trials,2013,Royal Enfield,27000,85000 
Bajaj Pulsar 125,2021,Bajaj,11200,75000 
Royal Enfield Classic 500,2016,Royal Enfield,27800,140000 
Harley Davidson Street Glide,2016,Harley,43000,1599999 
Yamaha FZ S,2021,Yamaha,1200,105000 
Hero Passion X Pro,2019,Hero,37000,47000 
Royal Enfield Bullet 350,2014,Royal Enfield,39000,75000 
TVS Jupiter,2018,TVS,28000,45000 
TVS Jupiter,2017,TVS,27863,42000 
Royal Enfield Classic 350,2015,Royal Enfield,42000,100000 
Royal Enfield Classic Desert,2012,Royal Enfield,12000,97000 
Suzuki Burgman Street,2019,Suzuki,8946,75000 
KTM Duke 125,2019,KTM,20000,140000 
Bajaj Pulsar 150,2016,Bajaj,60000,45000 
Royal Enfield Thunderbird 500,2018,Royal Enfield,8000,150000 
Yamaha FZ S,2019,Yamaha,30000,70000 
TVS Apache RTR 160,2018,TVS,22000,70000 
Royal Enfield Bullet 350,2015,Royal Enfield,50000,88000 
Royal Enfield Bullet 350,2014,Royal Enfield,15000,115000 
Royal Enfield Classic 350,2018,Royal Enfield,28000,130000 
TVS Apache RTR 180,2016,TVS,50000,65000 
Honda Grazia,2019,Honda,17000,54000 
Royal Enfield Bullet Electra,2014,Royal Enfield,22000,85000 
Royal Enfield Bullet Electra,2014,Royal Enfield,22000,85000 
TVS Apache RTR 160,2018,TVS,55000,65000 
Honda Activa,2014,Honda,962720,35000 
Royal Enfield Thunderbird 500,2014,Royal Enfield,30000,100000 
Yamaha FZ S,2017,Yamaha,50000,60000 
Yamaha FZ S,2021,Yamaha,5390,95000 
Yamaha YZF R15,2013,Yamaha,43000,50000 
Hero Ignitor,2012,Hero,40000,20000 
Royal Enfield Classic 350,2016,Royal Enfield,20500,95000 
Royal Enfield Classic 350,2014,Royal Enfield,22000,95000 
Suzuki Gixxer,2017,Suzuki,7950,75000 
Bajaj Avenger Street 220,2017,Bajaj,31500,55000 
Bajaj Pulsar 180,2011,Bajaj,45000,26000 
LML Piaggio Vespa,2015,LML,27000,44999 
KTM RC 125,2021,KTM,9000,180000 
Royal Enfield Thunderbird 350,2014,Royal Enfield,16500,80000 
Royal Enfield Thunderbird 500,2014,Royal Enfield,16500,75000 
Bajaj Pulsar 150,2016,Bajaj,30000,35000 
Yamaha FZ S,2013,Yamaha,34000,35000 
Hero Passion X Pro,2016,Hero,75000,38500 
Bajaj Avenger,2015,Bajaj,15000,80000 
TVS Victor,2019,TVS,20000,65000 
Bajaj Avenger Cruise 220,2014,Bajaj,65000,40000 
TVS Apache RTR 200,2018,TVS,16000,60000 
Yamaha FZ S,2015,Yamaha,66000,45000 
TVS Apache RTR 200,2018,TVS,16000,60000 
Royal Enfield Classic 350,2018,Royal Enfield,8750,150000 
KTM RC 390,2020,KTM,8000,250000 
Royal Enfield Bullet Electra,2018,Royal Enfield,16000,130000 
Bajaj Pulsar 125,2021,Bajaj,3500,90000 
Bajaj Pulsar 200 RS,2017,Bajaj,9800,120000 
Bajaj Pulsar 200 NS,2020,Bajaj,11050,120000 
Benelli Imperiale 400,2021,Benelli,3800,190000 
Hero Super Splendor,2016,Hero,5133,60000 
Royal Enfield Bullet 350,1995,Royal Enfield,2000,99000 
Royal Enfield Bullet 350,1995,Royal Enfield,1000,
Royal Enfield Himalayan,2017,Royal Enfield,33000,150000 
Royal Enfield Himalayan,2018,Royal Enfield,19900,145000 
Bajaj Pulsar 220 F,2018,Bajaj,69000,70000 
Bajaj Pulsar 220 F,2018,Bajaj,69000,70000 
Bajaj Pulsar 200 AS,2015,Bajaj,32000,37000 
Hero Karizma,2012,Hero,33000,23000 
Royal Enfield Bullet 350,2021,Royal Enfield,16500,155000 
Hero Super Splendor,2008,Hero,736255,28000 
Bajaj Pulsar 200 NS,2015,Bajaj,47000,55000 
Bajaj Avenger,2015,Bajaj,38000,65000 
Bajaj Discover 150,2015,Bajaj,42000,25000 
TVS Jupiter,2015,TVS,30000,38000 
TVS Jupiter,2015,TVS,30000,38000 
Royal Enfield Bullet Electra,2016,Royal Enfield,5051,110000 
TVS Apache RTR 200,2020,TVS,14240,98000 
KTM RC 390,2021,KTM,3200,260000 
Bajaj Vikrant V15,2017,Bajaj,28000,40000 
Bajaj Pulsar 150,2013,Bajaj,29000,35000 
Bajaj Pulsar 150 DTS,2013,Bajaj,29000,35000 
Royal Enfield Classic 350,2021,Royal Enfield,4000,190000 
Royal Enfield Classic 350,2013,Royal Enfield,35000,90000 
Royal Enfield Bullet Electra,2009,Royal Enfield,58000,90000 
Yamaha FZ S,2015,Yamaha,45000,55000 
Honda Livo,2016,Honda,29000,41000 
Honda Xblade,2018,Honda,9621,70000 
TVS Apache RTR 160,2019,TVS,42000,75000 
Royal Enfield Classic Chrome,2013,Royal Enfield,14892,110000 
Bajaj Dominar 400,2017,Bajaj,24000,130000 
Bajaj Dominar 400,2017,Bajaj,24000,130000 
Bajaj Pulsar 200 RS,2019,Bajaj,15600,120000 
Bajaj Avenger Street 220,2015,Bajaj,38000,59000 
Suzuki Burgman Street,2019,Suzuki,13000,75000 
Royal Enfield Thunderbird 350,2014,Royal Enfield,6000,75000 
Royal Enfield Classic 350,2018,Royal Enfield,29000,145000 
Hero Maestro,2012,Hero,33000,25000 
Royal Enfield Bullet Electra,2016,Royal Enfield,8900,115000 
Royal Enfield Bullet Electra,2008,Royal Enfield,30000,65000 
Royal Enfield Bullet Electra,2013,Royal Enfield,45000,70000 
Honda Aviator,2013,Honda,32000,28000 
Bajaj Pulsar 200 RS,2018,Bajaj,12000,110000 
Yamaha YZF R15,2020,Yamaha,22000,140000 
Yamaha YZF R15,2021,Yamaha,3345,150000 
KTM Duke 250,2021,KTM,5665,200000 
TVS Apache RTR 160,2018,TVS,24000,86000 
Bajaj Avenger Cruise 220,2018,Bajaj,12528,50000 
KTM Duke 200,2021,KTM,15000,190000 
Royal Enfield Bullet Electra,2008,Royal Enfield,30000,65000 
Bajaj Avenger Street 160,2021,Bajaj,2400,115000 
TVS Apache RTR 160,2018,TVS,56000,75000 
Bajaj Dominar 400,2018,Bajaj,12500,150000 
Bajaj Pulsar 200 RS,2020,Bajaj,16000,120000 
Royal Enfield Thunderbird 350,2016,Royal Enfield,2500,140000 
Bajaj Pulsar 150,2019,Bajaj,12000,70000 
Bajaj Pulsar 200 NS,2008,Bajaj,15332,50000 
Bajaj Pulsar 150 DTS,2010,Bajaj,92000,25000 
Royal Enfield Classic 500,2016,Royal Enfield,27800,160000 
Bajaj Avenger Street 160,2019,Bajaj,4600,75000 
Royal Enfield Thunderbird 500,2015,Royal Enfield,11000,160000 
KTM 390 Duke ABS,2021,KTM,3500,270000 
Bajaj Pulsar 200 NS,2013,Bajaj,8000,40000 
Royal Enfield Bullet 350,2016,Royal Enfield,20000,110000 
Hero Pleasure,2021,Hero,3000,75000 
Bajaj Vikrant V15,2016,Bajaj,15800,40000 
TVS Jupiter,2017,TVS,33500,40000 
TVS Apache RTR 160,2020,TVS,11865,115000 
Suzuki Gixxer,2021,Suzuki,10000,125000 
Honda Activa,2015,Honda,76000,39000 
Suzuki Gixxer SF,2021,Suzuki,10000,125000 
Hero Maestro Edge 125,2019,Hero,14320,39000 
Suzuki Access,2021,Suzuki,4800,80000 
Jawa Original,2021,Jawa,2366,200000 
TVS Jupiter,2019,TVS,22000,55000 
Jawa 42,2020,Jawa,2882,145000 
Hero Xpulse 200,2019,Hero,11000,95000 
Bajaj Avenger Cruise 220,2013,Bajaj,9000,50000 
Bajaj Avenger Street 220,2016,Bajaj,20000,55000 
Royal Enfield Bullet 350,2017,Royal Enfield,5200,120000 
Royal Enfield Classic 350,2016,Royal Enfield,22000,110000 
Royal Enfield Thunderbird 350,2018,Royal Enfield,26140,165000 
Hero Super Splendor,2018,Hero,15,55000 
Royal Enfield Classic 350,2014,Royal Enfield,14000,105000 
Indian Chief Classic,2022,Indian,220,45000 
Honda CB Unicorn 160,2016,Honda,60000,35000 
Honda CB Shine,2016,Honda,25000,42000 
YO Bikes Yo Speed,2020,YO Bikes,1500,38000 
Honda CBR 250R,2014,Honda,25000,80000 
Royal Enfield Classic 350,2018,Royal Enfield,28000,125000 
Royal Enfield Bullet Electra,2013,Royal Enfield,34000,90000 
TVS Apache RTR 180,2017,TVS,15000,70000 
TVS Apache RTR 160,2020,TVS,16111,80000 
Bajaj Pulsar 150,2019,Bajaj,23000,70000 
Honda Dio,2011,Honda,30000,26000 
Honda Dio,2011,Honda,30000,26000 
Yamaha FZ S,2019,Yamaha,16699,70000 
Bajaj Avenger Street 220,2017,Bajaj,30000,40000 
Yamaha FZ S,2011,Yamaha,65000,38000 
Royal Enfield Classic 500,2018,Royal Enfield,6579,150000 
Yamaha FZ 25,2017,Yamaha,19000,90000 
Bajaj Discover 125 T,2013,Bajaj,45000,30000 
Royal Enfield Thunderbird 350,2012,Royal Enfield,35500,50000 
Hyosung GT 250 R,2016,Hyosung,7500,180000 
Hero CBZ Xtreme,2010,Hero,51000,25000 
Royal Enfield Interceptor 650,2019,Royal Enfield,16500,250000 
Bajaj Pulsar 135 LS,2014,Bajaj,70000,30000 
TVS Apache RTR 200,2019,TVS,12900,85000 
Honda Grazia,2018,Honda,40000,40000 
Royal Enfield Thunderbird 350,2015,Royal Enfield,6380,105000 
TVS Apache RTR 200,2018,TVS,22000,75000 
TVS Apache RTR 200,2018,TVS,22000,75000 
Kawasaki Ninja 300,2019,Kawasaki,14000,250000 
Hero Splendor iSmart,2017,Hero,29500,42000 
Royal Enfield Bullet 350,2009,Royal Enfield,52000,90000 
Harley Davidson Street 750,2015,Harley,1600,350000 
Royal Enfield Bullet Electra,2014,Royal Enfield,8500,
Hero Super Splendor,2018,Hero,21500,55000 
Suzuki Gixxer SF,2016,Suzuki,27000,70000 
Bajaj Pulsar 150,2012,Bajaj,72000,30000 
Royal Enfield Thunderbird 350,2015,Royal Enfield,9000,86000 
Bajaj Pulsar 150 DTS,2018,Bajaj,12000,60000 
Royal Enfield Classic 350,2012,Royal Enfield,67852,
Hero Passion X Pro,2018,Hero,25000,40000 
Suzuki Access,2016,Suzuki,11500,49500 
Honda CB Shine,2021,Honda,9000,78000 
Jawa 42,2021,Jawa,8500,195000 
TVS Ntorq 125,2018,TVS,40000,45000 
KTM Duke 200,2016,KTM,20000,120000 
Hero Xtreme 200R,2021,Hero,621,100000 
Yamaha Fascino,2016,Yamaha,30000,27500 
Royal Enfield Bullet Electra,2013,Royal Enfield,62000,78000 
Royal Enfield Thunderbird 350,2015,Royal Enfield,16016,115000 
Royal Enfield Classic 350,2010,Royal Enfield,21000,105000 
Bajaj Pulsar 200 NS,2017,Bajaj,25000,75000 
Bajaj Dominar 400,2017,Bajaj,4096,155000 
Bajaj Pulsar 125,2019,Bajaj,1450,68000 
Royal Enfield Bullet Electra,2019,Royal Enfield,20000,150000 
Yamaha RD,1995,Yamaha,9000,350000 
Royal Enfield Classic Squadron,2016,Royal Enfield,5500,125000 
Bajaj Dominar 400,2017,Bajaj,6500,160000 
Royal Enfield Bullet 350,2013,Royal Enfield,65000,79000 
Bajaj Pulsar 200 NS,2013,Bajaj,27500,75000 
Bajaj Pulsar NS160,2018,Bajaj,2500,90000 
TVS Apache RTR 160,2019,TVS,12800,82000 
TVS Apache RTR 160,2019,TVS,12800,82000 
Hero Karizma,2015,Hero,48000,30000 
Bajaj Dominar 400,2021,Bajaj,3400,245000 
TVS Ntorq 125,2021,TVS,6500,85000 
TVS Apache RTR 180,2016,TVS,5000,70000 
TVS Apache RTR 180,2021,TVS,13000,105000 
Yamaha Fazer,2018,Yamaha,24000,55000 
Royal Enfield Thunderbird 350,2018,Royal Enfield,17565,115000 
Hero Maestro,2017,Hero,26500,33000 
Bajaj Avenger,2019,Bajaj,18500,72000 
Yamaha FZ S,2019,Yamaha,3496,80000 
Bajaj Avenger,2019,Bajaj,18500,72000 
Honda CBR 150R,2014,Honda,17000,75000 
Honda CB Shine,2015,Honda,51000,31000 
Bajaj Avenger,2012,Bajaj,60000,30000 
Jawa Original,1995,Jawa,51998,125000 
Honda Activa,2011,Honda,23000,30000 
Royal Enfield Bullet Electra,2008,Royal Enfield,37000,90000 
Jawa 42,2020,Jawa,5000,150000 
Royal Enfield Classic 350,2019,Royal Enfield,2342,170000 
TVS Heavy Duty Super,2021,TVS,3000,50000 
TVS Apache RTR 180,2016,TVS,5000,70000 
Royal Enfield Classic 350,2018,Royal Enfield,14500,125000 
Honda CB Unicorn Dazzler,2010,Honda,35000,25000 
Bajaj Pulsar 200 NS,2013,Bajaj,0,42000 
Royal Enfield Classic 350,2017,Royal Enfield,10000,130000 
Honda CBF Stunner,2015,Honda,35000,30000 
Bajaj Platina 100,2018,Bajaj,48000,35000 
Honda Dream Neo,2013,Honda,60000,18000 
Honda Activa 125,2020,Honda,43300,60000 
TVS Jupiter,2022,TVS,900,90000 
Bajaj Pulsar 150,2019,Bajaj,26000,45000 
Royal Enfield Bullet 350,2017,Royal Enfield,5200,120000 
Royal Enfield Bullet 350,2019,Royal Enfield,15000,155000 
Bajaj Pulsar 200 NS,2014,Bajaj,40000,37000 
Bajaj Dominar 400,2019,Bajaj,5500,140000 
Hero Passion Plus,2005,Hero,45000,12000 
Yamaha FZ S,2013,Yamaha,46000,25000 
Hero Splendor Pro,2018,Hero,14000,35000 
Honda Livo,2020,Honda,17000,50000 
Hero CBZ Xtreme,2021,Hero,6500,90000 
TVS Apache RTR 200,2018,TVS,16822,81000 
Honda Activa 125,2015,Honda,18213,26000 
Royal Enfield Classic 350,2018,Royal Enfield,13400,116000 
Hero Passion Pro,2015,Hero,54000,30000 
Hero Splendor Plus,2010,Hero,47000,25000 
KTM RC 200,2016,KTM,32000,105000 
Honda Activa 3G,2017,Honda,25000,40000 
Royal Enfield Classic 350,2019,Royal Enfield,35000,144999 
TVS Apache RTR 160,2017,TVS,45715,42500 
KTM RC 200,2016,KTM,32000,105000 
TVS Apache RTR 160,2018,TVS,20000,50000 
Hero Pleasure,2020,Hero,4000,48000 
Yamaha FZ S,2018,Yamaha,50000,45000 
Hero HF Deluxe,2015,Hero,45000,27500 
Hero Glamour,2011,Hero,47000,19999 
Honda CB Unicorn,2013,Honda,55000,20000 
Bajaj Pulsar 180 DTS,2012,Bajaj,23000,32000 
Honda Activa,2016,Honda,11541,38000 
Bajaj Pulsar 135 LS,2022,Bajaj,3500,110000 
Hero Splendor Plus,2021,Hero,8950,76000 
Hero Splendor iSmart,2014,Hero,57000,28000 
Yamaha YZF R15,2020,Yamaha,16000,139000 
Suzuki Access 125 Disc,2013,Suzuki,17000,
TVS Ntorq 125,2021,TVS,6000,70000 
LML Piaggio Vespa VX,2013,LML,40000,18500 
Honda Activa,2018,Honda,6100,52000 
Bajaj Platina 100,2018,Bajaj,40000,36000 
YO Bikes Yo Smart,2019,YO Bikes,150,20000 
Hero Passion X Pro,2019,Hero,24000,52000 
Suzuki Gixxer,2014,Suzuki,47600,28000 
TVS Apache RTR 160,2016,TVS,70000,50000 
Bajaj Pulsar 200 NS,2018,Bajaj,17000,65000 
Hero Maestro,2015,Hero,50000,25000 
Hero Splendor iSmart,2016,Hero,58000,25000 
Hero Karizma,2012,Hero,33000,23000 
Hero Maestro,2018,Hero,16000,25000 
Royal Enfield Classic 350,2020,Royal Enfield,22000,135000 
Hero Splendor Plus,2021,Hero,4500,55000 
TVS Ntorq 125,2020,TVS,10100,68000 
Hero Passion X Pro,2016,Hero,25000,36500 
Yamaha FZ16,2011,Yamaha,25000,28500 
TVS Star Sport,2012,TVS,22580,20000 
Bajaj Pulsar 200 RS,2015,Bajaj,16000,60000 
Bajaj Pulsar 180 DTS,2009,Bajaj,40000,17500 
Yamaha FZ S,2016,Yamaha,40000,42000 
Bajaj Pulsar 200 NS,2013,Bajaj,8000,40000 
Jawa Original,2021,Jawa,2366,200000 
YO Bikes Yo Speed,2020,YO Bikes,1500,38000 
Bajaj Pulsar 150,2019,Bajaj,23000,70000 
Hero CBZ Xtreme,2010,Hero,51000,25000 
Royal Enfield Interceptor 650,2019,Royal Enfield,16500,250000 
Bajaj Pulsar 135 LS,2014,Bajaj,70000,30000 
Hero Splendor iSmart,2017,Hero,29500,42000 
Suzuki Gixxer SF,2016,Suzuki,27000,70000 
Jawa 42,2021,Jawa,8500,195000 
TVS Apache RTR 180,2021,TVS,13000,105000 
Yamaha Fazer,2018,Yamaha,24000,55000 
Royal Enfield Thunderbird 350,2018,Royal Enfield,17565,115000 
Hero Maestro,2017,Hero,26500,33000 
Bajaj Avenger,2019,Bajaj,18500,72000 
Yamaha FZ S,2019,Yamaha,3496,80000 
Bajaj Avenger,2019,Bajaj,18500,72000 
Honda CBR 150R,2014,Honda,17000,75000 
Honda CB Shine,2015,Honda,51000,31000 
Bajaj Avenger,2012,Bajaj,60000,30000 
Jawa Original,1995,Jawa,51998,125000 
Honda Activa,2011,Honda,23000,30000 
Royal Enfield Bullet Electra,2008,Royal Enfield,37000,90000 
Jawa 42,2020,Jawa,5000,150000 
